,Actual Mixture,Fructose,HMF,Levulinic Acid,Formic Acid,Sum
Wavenumber,Concentration,0.133284863,0.261793407,0.401500266,0.532611039,
850.4673,3.05E-05,1.57E-04,2.71044E-05,7.68E-04,2.96E-04,0.001247957
852.3958,-2.89E-05,4.68E-04,0.000112511,6.70E-04,-7.08E-05,0.001180098
854.3243,1.63E-07,3.84E-04,0.000153918,2.96E-04,-3.07E-04,5.28E-04
856.2528,6.01E-05,3.23E-04,-4.15E-05,-2.06E-05,-4.19E-04,-0.000158101
858.1813,8.54E-05,0.000366064,-8.17E-05,-1.72E-04,-3.92E-04,-0.000280052
860.1098,1.44E-04,0.00029406,-1.75E-04,-5.39E-05,-4.17E-05,2.38E-05
862.0383,1.33E-04,4.97E-04,-4.60E-04,-1.77E-04,1.06E-04,-3.50E-05
863.9668,7.87E-05,0.000584177,-1.13E-04,-2.96E-04,1.16E-04,0.000291654
865.8953,-1.01E-05,0.000816936,2.21E-04,-1.22E-04,-5.56E-05,0.000860908
867.8238,1.04E-04,0.00081657,5.62E-05,-2.71E-04,-1.12E-04,4.89E-04
869.7523,3.68E-04,0.000760157,-9.11671E-05,-9.47E-05,-2.42E-04,3.32E-04
871.6808,5.46E-04,0.000673455,-0.000164729,2.36E-04,-2.14E-05,0.000723454
873.6093,2.31E-04,0.000399096,7.50181E-05,2.16E-04,0.000356208,1.05E-03
875.5378,6.06E-05,0.000594617,0.000121889,2.61E-04,4.56E-04,1.43E-03
877.4662,3.20E-04,6.57E-04,4.55274E-05,3.60E-04,2.88E-04,1.35E-03
879.3948,1.61E-04,3.22E-04,6.47E-05,3.92E-04,-4.21E-05,7.37E-04
881.3232,-4.38E-05,1.83E-04,1.71E-04,1.88E-04,-4.15E-04,1.26E-04
883.2518,3.15E-04,4.50E-06,-2.48E-05,1.91E-04,-2.28E-04,-5.70E-05
885.1802,4.77E-04,1.87E-05,-1.49E-04,4.48E-04,2.10E-04,5.28E-04
887.1088,6.01E-04,1.68E-05,-1.41E-04,3.38E-04,2.11E-04,4.25E-04
889.0372,6.53E-04,8.68E-05,-1.22E-04,2.14E-04,3.46E-05,2.14E-04
890.9658,5.31E-04,3.61E-04,2.21E-04,0.000274045,-2.15E-04,6.41E-04
892.8942,7.18E-04,2.22E-04,1.34E-04,0.00029633,-2.22E-04,4.29E-04
894.8227,8.36E-04,1.47E-04,-6.10807E-05,3.74E-04,1.67E-06,4.62E-04
896.7512,5.05E-04,2.20E-04,6.95675E-05,2.48E-04,2.76E-04,8.13E-04
898.6797,2.88E-04,1.32E-04,1.27E-04,4.61E-05,1.49E-04,4.55E-04
900.6082,2.59E-04,2.70E-04,1.53E-04,-2.55E-05,-6.54E-05,3.33E-04
902.5367,3.92E-04,2.58E-04,1.78E-04,9.69E-05,-1.07E-04,4.26E-04
904.4652,4.19E-04,-1.86E-05,0.000138572,1.40E-04,-2.96E-04,-3.58632E-05
906.3937,4.30E-04,-1.63E-04,1.18E-04,9.81E-05,-3.58E-04,-3.05E-04
908.3222,2.19E-04,-8.59E-05,-8.21E-05,-2.53E-04,-1.60E-04,-5.81E-04
910.2507,1.21E-04,1.24E-04,-1.16E-04,-4.28E-04,2.20E-04,-0.000200902
912.1792,3.93E-05,2.08E-04,6.27E-05,-2.01E-04,2.76E-04,0.000345826
914.1077,9.70E-05,0.000141016,-1.49E-05,-4.94E-05,2.47E-05,1.01E-04
916.0362,3.72E-04,3.09E-04,2.40E-06,-8.68E-06,5.51E-05,0.000358112
917.9647,6.09E-04,3.92E-04,-3.58E-05,-6.42E-05,9.28E-05,0.000384509
919.8932,7.99E-04,3.84E-04,-9.46E-05,7.24E-05,2.21E-05,0.000383717
921.8217,6.41E-04,2.15E-04,1.56E-04,2.21E-04,2.06E-04,0.000797996
923.7502,3.45E-04,4.37E-05,3.24E-04,6.03642E-05,3.43E-04,0.000771173
925.6786,1.71E-04,3.16E-05,2.20E-04,-1.08E-04,1.39E-04,0.000281671
927.6072,-1.21E-04,-5.02E-05,2.85E-04,-1.14E-04,-2.01E-05,1.00E-04
929.5356,-1.37E-04,-1.33E-04,5.59E-04,-8.01E-05,1.08E-04,4.53E-04
931.4642,-4.73E-05,8.29E-06,4.71E-04,1.72E-05,2.13E-04,0.000708872
933.3926,6.85E-05,1.61E-04,4.79E-04,2.90E-05,1.10E-04,0.000779853
935.3212,6.03E-06,2.58E-04,8.10E-04,1.01E-05,1.11E-04,0.001188514
937.2496,3.57E-04,2.10E-04,1.17E-03,-6.61E-05,1.72E-04,0.001481184
939.1782,7.00E-04,9.91E-05,1.35E-03,-1.35E-04,-4.10E-05,0.00127659
941.1066,0.000640626,-3.04E-05,1.34E-03,-9.31E-05,-1.48E-04,0.001070043
943.0352,0.000550998,-2.40E-04,1.63E-03,-4.50E-05,-6.29E-05,0.001286079
944.9636,6.16E-04,-1.83E-04,1.72E-03,-5.94E-06,2.64E-06,1.53E-03
946.8922,5.27E-04,2.82E-04,0.001501675,-5.42E-05,-4.84E-05,0.001680886
948.8206,8.80E-05,2.04E-04,0.001230525,-9.39E-05,-4.72E-05,0.001293478
950.7491,-1.73E-04,1.54E-04,1.14E-03,4.30E-05,2.04E-04,0.001542865
952.6776,-7.27E-05,1.78E-04,1.21E-03,2.39E-04,2.75E-04,1.90E-03
954.6061,7.22E-06,1.20E-04,1.14E-03,2.02E-04,2.48E-04,1.71E-03
956.5346,1.45E-04,-6.05E-06,1.11E-03,4.49E-05,2.84E-04,0.001429969
958.4631,1.17E-04,6.85E-05,0.001085454,-4.24E-05,1.74E-04,0.001285866
960.3916,1.96E-04,0.000306399,1.07E-03,-6.49E-05,1.03E-04,0.00141591
962.3201,0.00082877,0.000586439,0.001431447,-1.14E-04,1.90E-04,0.002093848
964.2486,0.001558584,0.000933616,0.001943485,-6.60E-05,7.86E-05,0.002889653
966.1771,0.002520264,0.001145415,0.002542028,4.49E-05,-2.15E-05,0.00371078
968.1056,0.003178779,0.001155503,0.002871644,1.27E-04,-1.90E-04,0.003964708
970.0341,0.002691992,0.001127163,0.002681766,3.07E-04,1.40E-05,0.004129811
971.9626,0.001632131,0.001172948,0.002042144,4.55E-04,1.40E-04,0.003810294
973.8911,0.000999514,0.001092333,0.001242347,2.97E-04,1.49E-04,0.002780014
975.8196,0.00122174,0.001112575,0.000899523,1.87E-04,-5.79E-05,0.002141702
977.7481,0.00144025,0.001372022,1.05E-03,2.38E-04,-1.59E-04,0.002502321
979.6766,0.001646576,0.001383912,0.001276328,3.52E-04,1.18E-04,0.003129598
981.6051,0.002007143,0.001429353,0.001290953,4.33E-04,1.70E-04,0.003323899
983.5336,0.002341229,0.001274578,0.001536122,4.96E-04,-8.59E-05,0.003220553
985.4621,0.002815818,0.001019522,0.001852981,5.82E-04,-1.98E-04,0.003256456
987.3906,0.00335784,0.001005741,0.00229283,9.83E-04,3.68E-05,0.004318602
989.3191,0.003651402,0.000927859,0.002839647,1.15E-03,6.60E-05,0.004986788
991.2476,0.003778229,0.000698227,0.003236908,1.13E-03,-8.70E-05,0.004981113
993.1761,0.003861215,4.92E-04,0.003397395,1.22E-03,-1.09E-04,0.00499595
995.1046,0.003660606,0.000521351,0.003144603,1.27E-03,6.45E-05,0.004995672
997.0331,0.003058363,0.000653466,0.002764389,9.93E-04,-1.39E-05,0.004396524
998.9615,0.002510296,0.000626698,0.002738663,6.41E-04,-5.90E-05,0.003947369
1000.89,0.002493285,0.000461223,0.002755827,4.17E-04,7.16E-05,0.003705193
1002.819,0.002670194,0.000543111,0.002590846,2.53E-04,1.22E-04,0.003508406
1004.747,0.002828059,0.000769624,0.002646433,1.47E-04,1.20E-04,0.003682976
1006.676,0.002909207,0.000940077,0.003008294,6.66E-05,-1.86E-06,0.004013065
1008.604,0.003293936,0.000874025,0.003467353,1.28E-04,-2.24E-05,0.00444676
1010.533,0.003988111,0.00099805,0.003890233,2.16E-04,-1.98E-05,0.005084643
1012.461,0.004777788,0.001367932,0.004366786,1.82E-04,-1.23E-04,0.005793546
1014.39,0.005280929,0.001452879,0.004502906,4.05E-04,-1.30E-04,0.00623092
1016.318,0.005957587,0.001409832,0.004825472,4.56E-04,-1.25E-04,0.006566824
1018.247,0.006988498,0.001602085,0.005432935,3.89E-04,-1.60E-05,0.007408279
1020.175,0.007995467,0.001609678,0.006277492,4.92E-04,1.55E-05,0.008394899
1022.104,0.009196997,0.001605309,0.007363588,5.36E-04,9.24E-05,0.009597711
1024.032,0.010798236,0.001863928,0.008727916,4.99E-04,1.56E-05,0.011105964
1025.961,0.011849247,0.002119696,0.009672997,4.39E-04,-9.61E-05,0.012135456
1027.889,0.011571726,0.002309644,0.00943368,4.30E-04,-5.40E-05,0.012119662
1029.818,0.010139246,0.002590584,0.008057137,5.12E-04,6.61E-05,0.011225506
1031.746,0.008196735,0.002858364,0.006013419,5.54E-04,6.26E-05,0.009488308
1033.675,0.006553446,0.003014356,0.004267158,4.43E-04,-9.20E-05,0.007632794
1035.603,0.005407255,0.00331367,0.003092336,1.90E-04,-8.85E-05,0.006507691
1037.531,0.004694728,0.003721069,0.002297359,1.93E-04,3.55E-05,0.006247249
1039.46,0.004143312,0.003819946,0.001994368,2.05E-04,-3.91E-06,0.006015066
1041.389,0.003845815,0.003784691,0.001758709,2.61E-04,-1.57E-04,0.005647067
1043.317,0.003663758,0.003759382,0.001421499,2.48E-04,-3.16E-04,0.00511246
1045.245,0.003801998,0.004075814,0.001163301,1.41E-04,-3.11E-04,0.005068812
1047.174,0.003835657,0.004482097,0.001124853,7.60E-05,-1.89E-04,0.005494455
1049.103,0.0039118,0.004844838,0.001092713,1.12E-04,-1.35E-04,0.00591485
1051.031,0.004486878,0.005234756,0.000894873,2.76E-04,-1.20E-04,0.006285807
1052.959,0.005292481,0.005670727,8.73E-04,3.92E-04,-3.52E-06,0.006931367
1054.888,0.006341592,0.006173566,9.28E-04,2.01E-04,3.21E-05,0.00733435
1056.817,0.007228062,0.006837181,0.000919444,2.30E-04,-3.54E-05,0.007951666
1058.745,0.008099951,0.00763007,0.000925719,4.88E-04,-1.99E-04,0.008843978
1060.673,0.00882868,0.008121184,0.001048716,6.24E-04,6.51E-05,0.009859168
1062.602,0.009473351,0.008295969,0.001257366,5.95E-04,2.12E-04,0.010361115
1064.531,0.009720271,0.008221439,0.001380554,6.20E-04,1.57E-04,0.010379118
1066.459,0.0097311,0.008129061,0.00147699,6.32E-04,2.38E-04,0.01047626
1068.387,0.009603009,0.007753846,0.00168876,3.78E-04,2.17E-04,0.010036778
1070.316,0.00888563,0.007247937,0.00171641,1.60E-04,4.79E-05,0.009172273
1072.245,0.00781424,0.006734534,0.001699775,1.98E-04,2.05E-05,0.008653038
1074.173,0.006968339,0.006204804,0.001846097,1.07E-04,1.26E-05,0.008170291
1076.101,0.006439118,0.005799986,0.001472003,-9.68E-05,1.72E-05,0.007192396
1078.03,0.006071188,0.005566937,9.50E-04,-1.26E-04,6.35E-05,0.00645426
1079.958,0.006102847,0.005542052,5.61E-04,-9.48E-05,-1.14E-04,0.005893468
1081.887,0.006140458,0.005703499,4.63E-04,-4.64E-05,-1.19E-04,0.006001046
1083.815,0.005831217,0.005965852,4.78E-04,-6.35E-05,-7.55E-05,0.00630529
1085.744,0.005355229,0.00605743,4.32E-04,-6.01E-05,-7.14E-06,0.006421829
1087.672,0.004967795,0.005707388,2.90E-04,-5.21E-05,1.18E-04,0.006063536
1089.601,0.004434016,0.005277626,1.32E-04,8.35E-05,2.16E-05,0.00551448
1091.529,0.003825364,0.00479731,2.23E-04,3.07E-05,-1.37E-05,0.005037401
1093.458,0.003391796,0.004298156,1.83E-04,-1.22E-04,-3.46E-05,0.004324594
1095.386,0.003048811,0.004007944,4.44E-05,-3.92E-05,-1.51E-04,0.003862416
1097.315,0.002785353,0.004001992,-4.45E-05,-5.79E-05,-1.17E-04,0.003782472
1099.243,0.002634719,0.003977212,-1.43E-04,-4.31E-05,-1.27E-04,0.003663696
1101.172,0.002727347,0.004115828,-1.42E-04,-8.20E-05,-1.07E-04,0.003784815
1103.1,0.002769271,0.004156786,-7.39E-05,-2.34E-04,-7.28E-05,0.003775975
1105.029,0.0025775,0.00396331,4.99E-05,-7.95E-06,-1.03E-04,0.003902215
1106.957,0.002500568,0.003671531,1.07E-05,-1.18E-05,4.69E-05,0.00371737
1108.886,0.002393751,0.003384938,8.73E-05,-2.19E-04,9.05E-05,0.003343967
1110.814,0.002124663,0.003138921,1.52E-04,-1.73E-04,1.10E-04,0.00322775
1112.743,0.001789847,0.002833713,5.08E-05,-1.43E-05,-5.11E-05,0.002819108
1114.671,0.001355573,0.002475009,-7.78E-06,9.26E-06,-2.26E-04,0.002250638
1116.6,0.001121221,0.00217021,5.25E-05,2.99E-07,-1.84E-04,0.002038549
1118.528,0.001176889,0.001926132,4.85E-05,6.03E-05,-6.70E-05,0.001967906
1120.457,0.001185062,0.001814794,-7.01E-05,-4.07E-05,-7.40E-05,0.001630071
1122.385,0.001159275,0.001883751,-2.38E-04,-3.39E-05,-6.68E-05,0.00154542
1124.314,0.001187612,0.001824349,-1.56E-04,7.34E-05,-5.01E-05,0.001691702
1126.242,0.001059335,0.001650834,2.41E-04,1.58E-04,-9.59E-05,0.001954202
1128.171,0.001024126,0.001544401,1.90E-04,1.03E-04,3.47E-05,0.001872096
1130.099,0.001231168,0.001756249,-9.43E-05,-2.57E-05,1.07E-04,0.001742855
1132.028,0.001455784,0.001828095,-8.45E-05,-1.16E-04,7.56E-05,0.00170283
1133.956,0.001637642,0.001663079,-3.51E-05,-6.29E-05,5.14E-05,0.001616376
1135.885,0.001818529,0.001715518,1.71E-05,5.56E-05,1.70E-04,0.001958492
1137.813,0.00210396,0.00172371,1.96E-05,1.60E-04,3.01E-04,0.002204094
1139.742,0.002261368,0.0016682,-2.05E-05,3.28E-04,3.75E-04,0.002350025
1141.67,0.002337575,0.001776916,2.75E-06,3.83E-04,3.31E-04,0.002493689
1143.599,0.002553764,0.001791675,1.55E-04,3.32E-04,3.12E-04,0.002590148
1145.527,0.002888387,0.001819629,7.89E-05,5.41E-04,3.42E-04,0.002781386
1147.456,0.003303046,0.001968684,-3.92E-05,7.93E-04,4.71E-04,0.003194213
1149.384,0.003621791,0.002015818,1.72E-04,9.07E-04,6.19E-04,0.00371417
1151.313,0.004069466,0.001941338,3.03E-04,1.10E-03,6.97E-04,0.004037986
1153.241,0.004650718,0.00204828,1.78E-04,1.42E-03,7.31E-04,0.004380629
1155.17,0.005103754,0.002089987,-2.04E-05,0.001784443,1.02E-03,0.004878402
1157.098,0.005685467,0.001995923,1.45E-04,0.002358776,1.22E-03,0.005721971
1159.027,0.006359207,0.001932482,3.17E-04,0.002976213,1.16E-03,0.006381323
1160.955,0.007294955,0.001992978,3.00E-04,0.00361929,1.16E-03,0.007068089
1162.884,0.008547216,0.002022878,4.01E-04,0.004566585,1.33E-03,0.008316225
1164.812,0.010154555,0.001988633,3.49E-04,0.005718619,1.54E-03,0.009596758
1166.741,0.012009445,0.001831411,1.47E-04,0.007307686,1.84E-03,0.011123054
1168.669,0.013980104,0.001754068,2.48E-04,0.009056531,2.03E-03,0.013091772
1170.598,0.015572235,0.001545082,5.10E-04,0.010394986,2.25E-03,0.014699827
1172.526,0.016107164,0.001341457,5.54E-04,0.010677301,2.57E-03,0.015140274
1174.455,0.015418854,0.001290202,6.18E-04,0.009701321,0.002801633,0.014411628
1176.383,0.014129623,0.001263444,0.000744435,0.008122324,0.003119501,0.013249704
1178.312,0.012873154,0.00133197,0.000972998,0.006423143,0.003372172,0.012100284
1180.24,0.012218973,0.001433596,0.001232929,0.005031155,0.003617684,0.011315364
1182.169,0.011984863,0.001334001,0.001542885,0.004195368,0.004003994,0.011076248
1184.097,0.012482202,0.001290101,0.001973277,0.003730516,0.004470525,0.011464419
1186.026,0.013358013,0.001317359,0.002581993,0.003469277,0.00503207,0.012400699
1187.954,0.014553581,0.001286973,0.003443525,0.00328607,0.005505897,0.013522465
1189.883,0.015991472,0.001202787,0.004407645,0.003167905,0.005926799,0.014705136
1191.811,0.017180201,0.001031569,0.005200275,0.003196809,0.006514293,0.015942946
1193.74,0.017689921,0.000945009,0.005558644,0.003098251,0.007067375,0.016669279
1195.668,0.01746015,0.000873758,0.005352473,0.002993236,0.007551629,0.016771096
1197.597,0.016956661,0.000788495,0.004518674,0.002885418,0.008129578,0.016322165
1199.525,0.01666909,0.000842649,0.00372188,0.002682238,0.008533953,0.01578072
1201.454,0.01657465,0.000848005,0.003254944,0.002744097,0.00885409,0.015701137
1203.382,0.016545249,0.000756632,0.002943195,0.003129571,0.009202314,0.016031712
1205.311,0.01687466,0.000610224,0.002694917,0.003491973,0.009399897,0.016197011
1207.239,0.017096699,0.000458884,0.002241016,0.00381521,0.009535024,0.016050135
1209.168,0.017114149,0.000500643,0.001804626,0.004280093,0.009770609,0.016355972
1211.096,0.017282858,0.000496098,0.001568874,0.00478126,0.009956575,0.016802807
1213.025,0.017562049,4.50E-04,0.001399227,0.005234015,0.010060987,0.0171445
1214.953,0.017754878,0.00065986,1.21E-03,0.005638671,0.010058471,0.017564393
1216.882,0.017953008,0.000672792,0.001060927,0.006019281,0.009914887,0.017667887
1218.81,0.018079067,0.000457866,0.000954434,0.006450753,0.009637722,0.017500775
1220.739,0.017852138,0.000592168,7.61E-04,0.006758211,0.009395124,0.017506046
1222.667,0.017407356,0.000806835,6.97E-04,0.00680886,0.009093893,0.017406927
1224.596,0.016832907,0.000868367,7.61E-04,0.00671668,0.00869498,0.017040626
1226.524,0.016165066,0.000919731,7.08E-04,0.006562777,0.008241991,0.01643291
1228.453,0.015407806,0.000973431,5.54E-04,0.006274531,0.007708539,0.015510371
1230.381,0.014678665,0.001016394,4.88E-04,0.005964231,0.007100158,0.014568566
1232.31,0.013879746,0.000992989,4.81E-04,0.005623604,0.006618862,0.013716502
1234.238,0.013191625,0.000999708,5.08E-04,0.005146652,0.006234574,0.012888438
1236.167,0.012654685,0.001105395,5.59E-04,0.004986653,0.005744816,0.012395537
1238.095,0.012197504,0.001202189,7.88E-04,0.004963915,0.005185738,0.012140255
1240.024,0.011731855,0.001221753,7.88E-04,0.005011808,0.004616428,0.011638053
1241.952,0.011329104,0.001245872,6.21E-04,0.005040784,0.004102672,0.01101057
1243.881,0.011067764,0.001316509,6.97E-04,0.00507644,0.003572578,0.010662076
1245.809,0.010947733,0.0012853,8.61E-04,0.005262424,0.003119129,0.010528039
1247.738,0.010895654,0.001197475,8.57E-04,0.005480242,0.002853669,0.010388813
1249.666,0.010783282,0.001116221,8.71E-04,0.005562385,0.002677928,0.010227055
1251.595,0.010521903,0.001090783,8.17E-04,0.005672755,2.44E-03,0.010022418
1253.523,0.010043632,0.001140804,6.82E-04,0.005745925,2.21E-03,0.009782102
1255.452,0.009468902,0.001276191,6.24E-04,0.005623973,1.85E-03,0.009375994
1257.38,0.008894341,0.001272033,4.92E-04,0.005458552,1.53E-03,0.008750003
1259.309,0.008318972,0.001281683,4.91E-04,0.005148556,1.17E-03,0.008096061
1261.237,0.007902361,0.001173308,5.86E-04,0.004820993,1.10E-03,0.007676487
1263.166,0.007634811,0.001160906,6.94E-04,0.004655275,1.06E-03,0.007573697
1265.094,0.007304644,0.001194367,6.69E-04,0.00443186,9.31E-04,0.007225799
1267.023,0.006964544,0.001100584,6.20E-04,0.004244651,8.48E-04,0.006813312
1268.951,0.006666152,0.001006423,5.89E-04,0.004146286,6.61E-04,0.006402589
1270.88,0.006326791,0.000953304,5.31E-04,0.003973765,5.87E-04,0.006044914
1272.808,0.006305696,0.000940675,5.33E-04,0.003751469,6.82E-04,0.005907449
1274.737,0.006320115,0.000945034,7.23E-04,0.003679407,6.23E-04,0.005969814
1276.665,0.006321674,0.000882351,9.33E-04,0.003677265,4.53E-04,0.00594545
1278.594,0.006423756,0.000816489,0.001243946,0.003661393,3.06E-04,0.006028294
1280.522,0.006608973,0.000745353,0.001701265,0.003634559,2.71E-04,0.006352525
1282.451,0.006841297,0.000723964,0.002023396,0.003604155,2.14E-04,0.006565749
1284.379,0.007107332,0.000732043,0.002217993,0.003457934,1.58E-04,0.006565919
1286.308,0.007096073,0.000715406,0.002340293,0.003246669,9.40E-05,0.006396357
1288.236,0.006896043,0.00067867,0.002304397,0.003147606,-1.60E-05,0.00611464
1290.165,0.006400906,0.000677648,0.002153168,0.003131568,-8.31E-05,0.005879267
1292.093,0.005943882,7.10E-04,0.001909402,0.003078353,-6.88E-05,0.005629251
1294.022,0.005528815,7.01E-04,1.53E-03,0.002899952,-9.91E-06,0.005120929
1295.95,0.005093085,0.000637111,1.13E-03,0.002754369,2.40E-05,0.004543687
1297.879,0.004698542,0.000689833,0.000709349,0.002800241,-2.14E-05,0.004177992
1299.807,0.004632345,0.000836719,0.000533469,0.002789223,7.18E-06,0.004166594
1301.736,0.004574825,0.000849685,5.73E-04,0.002743136,-4.33E-05,0.004122956
1303.664,0.004507654,0.00085092,5.83E-04,0.002597055,-3.01E-05,0.004001275
1305.593,0.004395077,0.000844879,4.59E-04,0.002503411,2.28E-05,0.003829857
1307.521,0.004290901,0.000814746,3.90E-04,0.002591775,2.89E-05,0.003825135
1309.45,0.004352266,0.000969282,4.47E-04,0.002552881,6.50E-05,0.00403388
1311.378,0.004523388,0.000944856,5.25E-04,0.002439729,4.67E-05,0.00395632
1313.307,0.00459809,0.000784863,5.74E-04,0.002392394,1.65E-05,0.00376762
1315.235,0.004511605,0.000791746,5.65E-04,0.002431428,-8.98E-06,0.003779557
1317.164,0.004455014,0.000918917,5.28E-04,0.002589379,9.24E-05,0.004128322
1319.092,0.004635491,0.000841197,4.65E-04,0.002758544,0.000102252,0.004167219
1321.021,0.004817519,0.00082685,4.83E-04,0.002694709,3.03E-05,0.004034828
1322.949,0.005085031,0.000973502,5.18E-04,0.002620949,1.22E-04,0.004234463
1324.878,0.005253768,0.000958119,5.00E-04,0.002641706,2.62E-04,0.004361962
1326.806,0.005327617,0.001003391,5.12E-04,0.002699649,3.23E-04,0.004537742
1328.735,0.005390502,0.001135338,6.30E-04,0.002850539,3.73E-04,0.004988684
1330.663,0.005737059,0.00117125,7.28E-04,0.003074178,3.76E-04,0.005349912
1332.592,0.006318191,0.001184189,7.54E-04,0.003143981,4.32E-04,0.005513944
1334.52,0.006741822,0.001257914,8.53E-04,0.00317879,4.55E-04,0.005744737
1336.449,0.007111294,0.001243784,1.11E-03,0.003321014,5.11E-04,0.006190214
1338.377,0.007575652,0.001181139,1.44E-03,0.003549107,5.81E-04,0.006749222
1340.306,0.00804227,0.001251339,1.50E-03,0.003684025,5.91E-04,0.007029507
1342.234,0.008344193,0.001392331,0.001401441,0.003886831,7.90E-04,0.007470953
1344.163,0.008454569,0.001518128,1.35E-03,0.004082173,9.32E-04,0.007877571
1346.091,0.008670048,0.001419712,1.29E-03,0.004187909,9.75E-04,0.007870029
1348.02,0.008939449,0.001286302,1.16E-03,0.004399595,1.02E-03,0.007872562
1349.948,0.009220018,0.001235856,1.06E-03,0.004844824,1.02E-03,0.008155281
1351.877,0.009576778,0.001304632,1.04E-03,0.005301991,1.07E-03,0.008714471
1353.805,0.010071407,0.001360642,1.18E-03,0.00559554,1.18E-03,0.009316218
1355.734,0.010641298,0.001346111,1.32E-03,0.005929019,0.001306992,0.009900072
1357.662,0.011182467,0.001288643,0.001285181,0.006412306,1.27E-03,0.010258219
1359.591,0.011562037,0.001115089,0.001220107,0.006878657,1.23E-03,0.010440191
1361.519,0.011862336,0.000971346,1.29E-03,0.007159383,1.42E-03,0.010839393
1363.448,0.012251217,0.000976802,1.32E-03,0.007392629,1.68E-03,0.011365113
1365.376,0.012845726,0.001055038,1.43E-03,0.007584175,1.77E-03,0.011839948
1367.305,0.013494606,0.001153501,0.001718409,0.007747694,1.83E-03,0.012450285
1369.233,0.014014315,0.001220694,0.001903198,0.008076492,1.96E-03,0.013163742
1371.161,0.014577724,0.00121827,0.001910657,0.008361144,2.14E-03,0.013632183
1373.09,0.014902024,0.001268315,0.00171829,0.008523175,0.002456603,0.013966383
1375.019,0.014856395,0.001170937,0.001391067,0.008468025,2.72E-03,0.013754904
1376.947,0.014423834,0.001006281,0.001153448,0.008076762,0.00283783,0.013074321
1378.875,0.013692683,0.001061187,0.000972278,0.007599321,0.002999215,0.012632
1380.804,0.012898063,0.001223476,0.000962325,0.006857126,0.003277018,0.012319945
1382.733,0.012285144,0.001229498,1.05E-03,0.006102902,0.00338683,0.011772834
1384.661,0.012097813,0.001209121,1.11E-03,0.005691444,0.003397965,0.011408572
1386.589,0.012005332,0.001146893,0.001159369,0.00555702,0.003535634,0.011398917
1388.518,0.012287302,0.001220798,0.001113801,0.005542746,0.003553386,0.011430731
1390.447,0.012923663,0.001321017,0.001292122,0.005575473,0.003503434,0.011692048
1392.375,0.013658522,0.001348553,0.001646208,0.005891222,0.003631043,0.012517026
1394.303,0.01452601,0.001380149,0.00195343,0.006428754,0.003943874,0.013706208
1396.232,0.015729971,0.001305829,0.002411326,0.006982102,0.004210834,0.014910091
1398.161,0.016850282,0.001320564,0.003031959,0.007693654,0.004217343,0.01626352
1400.089,0.01780202,0.001560213,0.003271005,0.008365919,0.004212757,0.017409894
1402.017,0.018120359,0.001667124,0.003127356,0.008693098,0.004061735,0.017549313
1403.946,0.01754347,0.001594119,0.002792356,0.008671163,0.003846534,0.016904172
1405.875,0.01663866,0.001547742,0.002448053,0.008221262,0.003721249,0.015938306
1407.803,0.015631809,0.001650455,0.002238053,0.007702752,0.003583539,0.015174799
1409.731,0.014903078,0.001693349,0.001962684,0.007271554,0.003337039,0.014264626
1411.66,0.014147839,0.001705631,0.00164387,0.006924516,0.003112057,0.013386073
1413.589,0.013502659,0.001812771,1.48E-03,0.006572429,3.16E-03,0.01302512
1415.517,0.012902838,0.001827184,1.28E-03,0.006325139,0.00311874,0.012553533
1417.445,0.012073947,0.001781746,0.001025523,0.005937534,0.003061396,0.0118062
1419.374,0.011529828,0.001830678,9.36E-04,0.005475469,0.003008852,0.011250998
1421.302,0.011334896,0.001865264,1.02E-03,0.005172221,0.002882058,0.010944075
1423.231,0.010995817,0.001725533,1.08E-03,0.004925215,0.002661897,0.010389013
1425.159,0.010576546,0.001683702,1.08E-03,0.004672302,2.57E-03,0.010009367
1427.088,0.010173316,0.001656451,1.14E-03,0.004403877,2.51E-03,0.009713131
1429.016,0.009561755,0.001567187,1.13E-03,0.004085595,0.002448484,0.009226512
1430.945,0.009048409,0.001644874,1.07E-03,0.003762693,0.002400481,0.008879285
1432.873,0.008742692,0.001657751,1.11E-03,0.003565367,0.002359502,0.008694778
1434.802,0.00807654,0.001514769,1.19E-03,0.003231378,2.10E-03,0.008032159
1436.73,0.007340174,0.001418887,0.001099659,0.002809846,1.96E-03,0.007289175
1438.659,0.007391317,0.001596038,0.000998558,0.002547735,0.001938987,0.007081319
1440.587,0.007251882,0.001720544,8.72E-04,0.002385329,0.001748509,0.006726701
1442.516,0.006794906,0.001628545,8.71E-04,0.002145268,1.63E-03,0.006278126
1444.444,0.006436523,0.001501142,0.000917267,0.001885445,1.55E-03,0.005852542
1446.373,0.005938101,0.00138083,9.40E-04,0.001675299,1.42E-03,0.005415741
1448.301,0.005558977,0.001352737,9.37E-04,1.54E-03,1.35E-03,0.00517899
1450.23,0.005420278,0.001365642,1.03E-03,1.35E-03,1.25E-03,0.005005174
1452.158,0.005227324,0.001356369,1.02E-03,0.0012021,1.20E-03,0.004780667
1454.087,0.004784796,0.001314883,1.02E-03,1.09E-03,1.09E-03,0.004511753
1456.015,0.00383654,0.00121141,9.72E-04,8.72E-04,9.05E-04,0.003961387
1457.944,0.003516287,0.001181672,7.58E-04,5.79E-04,7.95E-04,0.00331471
1459.872,0.003625951,0.001246119,5.72E-04,4.82E-04,8.06E-04,0.003107137
1461.801,0.003371876,0.001251941,4.30E-04,4.47E-04,8.37E-04,0.002965851
1463.729,0.002733886,0.001097882,4.54E-04,3.37E-04,7.52E-04,0.002641604
1465.658,0.002344151,0.000984636,4.78E-04,2.66E-04,6.56E-04,0.002384583
1467.586,0.002420164,0.000914859,4.55E-04,2.03E-04,5.81E-04,0.002153493
1469.515,0.002179938,0.00080565,3.36E-04,2.01E-04,5.15E-04,0.001857652
1471.443,0.001458593,6.69E-04,2.14E-04,2.62E-04,4.70E-04,0.001615536
1473.372,0.000964556,4.96E-04,2.36E-04,1.41E-04,4.14E-04,0.001286423
1475.3,0.001116098,4.13E-04,2.73E-04,6.84E-06,3.63E-04,1.05E-03
1477.229,0.001163583,2.96E-04,2.05E-04,3.29E-05,2.45E-04,7.79E-04
1479.157,0.001113881,2.76E-04,2.24E-04,-7.64E-06,1.62E-04,0.000653813
1481.086,0.001140103,2.46E-04,2.55E-04,4.42E-05,2.19E-04,7.64E-04
1483.014,1.14E-03,2.38E-04,3.08E-04,1.22E-04,2.10E-04,8.78E-04
1484.943,9.64E-04,2.38E-04,3.18E-04,2.33E-05,1.22E-04,7.01E-04
1486.871,7.57E-04,2.43E-04,3.09E-04,3.76E-06,1.01E-04,6.56E-04
1488.8,4.81E-04,1.39E-04,2.71E-04,-2.67E-05,1.01E-04,4.84E-04
1490.728,3.66E-04,-6.12E-05,2.74E-04,-1.26E-04,1.50E-04,2.37E-04
1492.657,6.02E-04,1.01E-05,3.82E-04,-1.17E-04,1.06E-04,3.82E-04
1494.585,4.46E-04,1.00E-04,5.49E-04,-8.59E-05,7.56E-05,6.39E-04
1496.514,1.48E-04,-1.18E-05,5.78E-04,-5.63E-05,7.75E-05,5.88E-04
1498.442,4.69E-04,-5.41E-05,4.70E-04,-1.35E-04,9.09E-05,3.72E-04
1500.371,8.18E-04,5.27E-05,5.27E-04,-1.50E-04,4.48E-05,0.000474639
1502.299,9.66E-04,1.34E-04,7.54E-04,-2.20E-06,-3.06E-05,8.56E-04
1504.228,4.46E-04,2.26E-05,8.09E-04,8.26E-06,5.04E-05,8.90E-04
1506.156,-1.66E-04,-2.12E-04,8.63E-04,7.11E-05,-5.35E-06,7.17E-04
1508.085,0.000489486,-1.35E-04,0.001119956,1.27E-04,-6.13E-05,1.05E-03
1510.013,0.001526632,-6.67E-05,0.001455,1.45E-04,7.03E-05,1.60E-03
1511.942,0.002133363,-1.04E-04,0.001935387,1.74E-04,1.74E-04,0.00217931
1513.87,0.00279448,-1.23E-05,0.002637774,1.87E-05,4.68E-05,0.002690995
1515.799,0.003392248,3.09E-05,0.003319648,-3.82E-05,-9.86E-05,0.00321373
1517.727,0.004255071,-7.12E-05,0.004123557,-2.06E-05,-1.50E-04,0.003881684
1519.656,0.004940763,-1.64E-04,0.005065355,-2.25E-06,-9.68E-05,0.004801879
1521.584,0.005675343,-1.45E-04,0.006120009,7.57E-05,-3.77E-05,0.006012952
1523.513,0.006784174,-5.36E-05,0.006859508,-1.07E-05,-9.50E-05,0.006700189
1525.441,0.006792435,-1.10E-04,0.006639054,-3.65E-05,-1.40E-04,0.006352426
1527.37,0.005971665,-1.06E-04,0.005604459,5.69E-05,-6.24E-05,0.005493138
1529.298,0.004833677,-6.52E-05,0.004358242,2.31E-06,2.90E-05,0.004324315
1531.227,0.003546318,-1.16E-04,0.003282571,-1.15E-04,4.19E-05,0.003092933
1533.155,0.002278019,-1.24E-04,0.002365795,-4.62E-05,1.47E-05,0.002210709
1535.084,0.001723573,-1.03E-04,1.67E-03,2.28E-05,9.16E-05,0.001680255
1537.012,9.77E-04,-1.16E-04,1.11E-03,1.02E-05,1.41E-04,0.001144033
1538.941,-1.35E-04,-2.93E-04,7.21E-04,3.75E-05,8.96E-05,5.55E-04
1540.869,-3.45E-04,-2.96E-04,4.45E-04,4.66E-05,7.66E-05,0.000272658
1542.798,-1.14E-04,-1.40E-04,3.08E-04,1.31E-04,7.89E-05,0.000378573
1544.726,-6.83E-05,-1.19E-04,2.35E-04,1.47E-04,1.83E-04,4.46E-04
1546.655,2.70E-05,1.78E-05,9.59E-05,5.46E-05,2.92E-04,4.60E-04
1548.583,9.39E-05,2.16E-05,-1.11E-04,2.04E-04,3.61E-04,4.75E-04
1550.512,1.57E-04,-1.19E-04,-1.45E-04,3.43E-04,3.03E-04,3.81E-04
1552.44,7.98E-05,-4.09E-05,-9.52E-05,2.18E-04,3.06E-04,3.87E-04
1554.369,-1.75E-04,-5.11E-05,-1.01E-04,1.17E-04,3.99E-04,3.64E-04
1556.297,-6.43E-04,-1.91E-04,-1.24E-04,1.56E-04,3.99E-04,2.40E-04
1558.226,-1.43E-03,-3.24E-04,-1.30E-04,9.28E-05,4.66E-04,1.06E-04
1560.154,-1.12E-03,-2.63E-04,-1.38E-04,-4.76E-05,5.19E-04,6.99E-05
1562.083,-6.35E-05,1.65E-05,-5.28E-05,-1.97E-05,6.25E-04,5.69E-04
1564.011,1.98E-04,1.34E-04,7.93E-05,-7.48E-05,6.40E-04,7.78E-04
1565.94,1.50E-04,4.50E-05,1.46E-04,-5.29E-05,5.64E-04,0.000702179
1567.868,4.24E-05,-3.09E-05,6.31E-05,1.63E-06,5.98E-04,6.31E-04
1569.797,4.49E-05,-7.38E-05,3.16E-05,5.87E-05,8.40E-04,8.56E-04
1571.725,4.81E-04,-9.53E-05,-7.88E-06,1.97E-05,1.00E-03,9.18E-04
1573.654,5.44E-04,-1.91E-04,8.83E-05,-5.80E-06,9.93E-04,8.85E-04
1575.582,1.11E-04,-3.53E-04,1.59E-04,-2.93E-05,9.65E-04,0.000742759
1577.511,5.41E-04,-2.09E-04,2.90E-04,-1.27E-04,0.00094317,0.000897677
1579.439,0.001174597,-8.86E-05,4.69E-04,-2.22E-04,0.001119229,1.28E-03
1581.368,0.001341948,-1.64E-05,4.78E-04,-9.41E-05,0.001286587,0.001653554
1583.296,1.35E-03,3.67E-05,4.84E-04,9.44E-05,0.001246884,0.001861591
1585.225,1.32E-03,-6.47E-05,5.38E-04,4.29E-05,0.00119152,0.001708076
1587.153,1.30E-03,-7.41E-05,3.53E-04,3.20E-05,0.001140398,1.45E-03
1589.082,1.18E-03,-7.93E-05,4.59E-05,1.17E-04,0.001268046,1.35E-03
1591.01,1.18E-03,-1.22E-04,-1.23E-05,5.03E-05,1.29E-03,1.21E-03
1592.939,1.31E-03,-1.23E-04,6.66E-05,-1.31E-04,0.001278618,1.09E-03
1594.867,1.23E-03,-1.67E-04,4.23E-05,-6.04E-05,0.001370488,1.19E-03
1596.796,1.26E-03,-1.01E-04,4.68E-05,0.000120062,0.001504446,1.57E-03
1598.724,1.46E-03,7.71E-06,1.86E-04,6.27E-05,1.65E-03,0.001909805
1600.653,1.77E-03,6.27E-05,4.63E-04,8.25E-05,0.001545524,0.002153767
1602.581,2.19E-03,8.12E-05,6.88E-04,2.38E-04,0.001375206,0.00238216
1604.51,2.51E-03,5.48E-05,6.94E-04,1.40E-04,0.001485533,0.002374335
1606.438,2.73E-03,-1.04E-04,7.84E-04,2.12E-04,0.001815239,0.002706505
1608.367,0.002979587,-1.31E-04,9.95E-04,5.11E-04,1.96E-03,0.003340155
1610.295,0.003525229,-1.88E-04,1.29E-03,8.18E-04,0.001889962,0.00381247
1612.224,0.004309166,-1.60E-04,1.61E-03,9.23E-04,0.001764793,0.004138383
1614.152,0.004786219,2.45E-05,0.00191534,8.49E-04,0.001829331,0.004618403
1616.081,0.004752092,-1.27E-04,2.09E-03,8.89E-04,2.19E-03,0.005037856
1618.009,0.005585209,-4.73E-05,0.002385556,1.07E-03,2.46E-03,0.005860838
1619.938,0.006605773,2.90E-04,0.002648959,0.001271115,0.002739176,0.006949237
1621.866,0.006940697,2.13E-04,0.002760603,0.001435494,0.002867283,0.007275981
1623.795,0.007490493,-3.92E-05,0.002909194,1.64E-03,0.002920738,0.00742725
1625.723,0.00828582,-8.15E-05,0.003262772,0.001966085,0.003085014,0.008232419
1627.652,0.008788381,-2.59E-05,0.003706973,0.002196801,0.003397901,0.009275741
1629.58,0.009388001,4.79E-05,0.004224597,0.002134343,0.003445708,0.009852539
1631.509,0.010123612,1.69E-04,0.004625739,0.002199867,0.003304247,0.010299314
1633.437,0.010299257,1.19E-04,0.005017011,0.002346768,0.003396998,0.01087966
1635.366,0.010341257,1.12E-04,0.005348799,0.002535435,0.00360534,0.011601937
1637.294,0.011359771,2.55E-04,0.005579481,0.002738331,0.00374341,0.012316529
1639.223,0.012437151,2.14E-04,0.005798987,0.002917471,0.00369499,0.012625138
1641.151,0.013126075,6.35E-05,0.00622742,0.002909611,0.003578017,0.01277856
1643.08,0.013746605,9.16E-05,0.006842853,0.002862323,0.003671023,0.013467776
1645.008,0.01417011,-2.72E-05,0.007618556,0.002953445,3.68E-03,0.01422578
1646.937,0.01515745,-9.95E-06,0.008380458,0.003203976,0.003827753,0.015402235
1648.865,0.016657624,2.22E-04,0.009187675,0.003297582,0.003946557,0.016653549
1650.794,0.017339024,1.33E-04,0.009870798,0.003295115,0.003959221,0.017257723
1652.722,0.017122408,-1.08E-04,0.010459257,0.003403904,0.003716275,0.017471068
1654.651,0.018557128,6.32E-05,0.011319849,0.003757706,0.003692202,0.018833007
1656.579,0.020349843,2.59E-04,0.011950412,0.003850787,0.003935443,0.019995877
1658.508,0.021445173,3.53E-04,0.01248206,0.00379274,0.004184704,0.020812028
1660.436,0.021964697,3.07E-04,0.01266291,0.004035948,0.004189305,0.021195381
1662.365,0.022057687,2.58E-04,0.012580799,0.004303002,0.004312538,0.021454829
1664.293,0.022376391,1.80E-04,0.012467331,0.004562655,0.004379759,0.021590213
1666.222,0.022271461,1.48E-04,0.012117581,0.00471458,0.004411689,0.02139212
1668.15,0.021353686,1.69E-04,0.011357951,0.005062022,0.004545175,0.021134612
1670.079,0.020647056,3.59E-04,0.010370585,0.005441219,0.004939179,0.021109758
1672.007,0.02010178,4.13E-04,0.009267219,0.005473513,0.005270881,0.020424347
1673.936,0.01910625,2.21E-04,0.00808716,0.005804613,0.005612124,0.019724892
1675.864,0.018389724,1.48E-04,0.006737969,0.006366482,0.005975015,0.019227527
1677.793,0.018407704,1.55E-04,0.00538813,0.006776237,0.006085596,0.018405008
1679.721,0.018183529,4.31E-05,0.004172118,0.007110172,0.006303582,0.017629006
1681.65,0.017693058,-1.58E-05,0.003160938,0.007579208,0.006580059,0.017304448
1683.578,0.017112903,-2.08E-04,0.002301031,0.008361745,0.0069965,0.017450925
1685.507,0.018136873,-2.37E-04,0.001667333,0.009287209,0.007711623,0.018429328
1687.435,0.019818397,3.77E-05,1.13E-03,0.010129733,0.008411361,0.019710974
1689.364,0.021294687,-5.65E-05,8.09E-04,0.010955858,0.008935313,0.020644138
1691.292,0.023025212,-4.97E-05,5.38E-04,0.012069776,0.009447208,0.022005387
1693.221,0.024480071,7.89E-05,2.11E-04,0.013378779,0.01003648,0.023705536
1695.149,0.025558956,-1.52E-04,-2.18E-05,0.014550896,0.010677496,0.025054877
1697.078,0.027620896,-2.99E-04,-1.92E-05,0.015704109,0.011479113,0.026864546
1699.006,0.02907986,-3.17E-04,3.15E-05,0.016773997,0.012073193,0.028561225
1700.935,0.03052029,-2.55E-04,4.65E-06,0.01772361,0.012608913,0.030082484
1702.863,0.032451535,4.85E-05,6.48E-05,0.018287727,0.013280701,0.03168173
1704.792,0.032986294,1.44E-04,-1.56E-05,0.01833624,0.013767235,0.032231768
1706.72,0.033040679,-7.88E-07,-9.07E-05,0.017873198,0.014275868,0.032057554
1708.649,0.032788179,-7.31E-05,-6.67E-05,0.017125371,0.014828162,0.031813688
1710.577,0.032145093,2.14E-05,5.97E-06,0.016101749,0.01505587,0.031185017
1712.505,0.031213718,9.77E-05,3.29E-05,0.015008166,0.015194828,0.030333668
1714.434,0.030078168,1.36E-04,6.77E-05,0.013972329,0.015318708,0.029495174
1716.363,0.028607517,1.46E-04,5.57E-05,0.012966112,0.015369677,0.028537175
1718.291,0.027563212,5.24E-05,2.00E-04,0.01212219,0.015278765,0.027653599
1720.219,0.027153787,1.26E-04,1.28E-04,0.011351847,0.015100733,0.026706177
1722.148,0.026290206,5.12E-05,-5.42E-06,0.01071524,0.014755343,0.025516323
1724.077,0.025258146,-7.40E-06,6.31E-05,0.009983535,0.014566892,0.024606123
1726.005,0.023975981,1.19E-04,2.39E-05,0.009009778,0.014326128,0.023479183
1727.933,0.022506535,1.41E-04,-5.86E-05,0.00814928,0.013818251,0.022049742
1729.862,0.021224645,1.04E-04,-2.47E-05,0.007474642,0.013280785,0.020834598
1731.791,0.019530625,9.51E-05,5.41E-05,0.006728235,0.012667681,0.019545106
1733.719,0.017296699,1.92E-05,2.28E-05,0.006026957,0.011894169,0.017963121
1735.647,0.015998354,7.27E-05,-4.90E-05,0.005322524,0.010932228,0.016278466
1737.576,0.014672174,2.60E-04,8.62E-05,0.004627989,0.009865109,0.014838977
1739.505,0.012945603,2.26E-04,2.77E-04,0.004063263,0.008838741,0.013404272
1741.433,0.011629128,1.16E-04,1.72E-04,0.003732969,0.007800429,0.011822053
1743.361,0.010223813,2.55E-05,-1.02E-04,0.003418286,0.006775011,0.010116849
1745.29,0.008905145,1.98E-04,-1.72E-04,0.002962394,0.005721818,0.008709736
1747.219,0.007534268,6.15E-05,-1.07E-05,0.002528361,0.004785654,0.007364773
1749.147,0.006221871,-5.20E-05,2.74E-05,0.002190885,0.004084089,0.006250347
1751.075,0.005047147,-6.81E-06,3.09E-05,0.00184495,0.00324161,0.005110635
1753.004,0.004561321,-6.64E-06,1.67E-04,0.001606939,2.49E-03,0.004255725
1754.932,0.003801163,-8.87E-05,2.11E-04,0.001338944,2.16E-03,0.003621534
1756.861,2.85E-03,-1.09E-04,1.23E-04,0.001047277,1.92E-03,0.002984638
1758.789,2.18E-03,-7.12E-05,-1.02E-05,0.000858517,1.59E-03,0.002362665
1760.718,1.71E-03,8.13E-05,-3.70E-05,8.02E-04,1.35E-03,2.20E-03
1762.646,1.47E-03,6.23E-05,1.30E-04,6.82E-04,1.14E-03,2.01E-03
1764.575,1.38E-03,-1.02E-04,1.48E-04,6.17E-04,0.000804785,1.47E-03
1766.503,9.41E-04,-1.88E-04,3.00E-05,5.49E-04,6.94E-04,1.08E-03
1768.432,5.99E-04,-9.14E-05,1.37E-05,3.82E-04,6.29E-04,9.33E-04
1770.36,1.98E-04,-1.12E-04,9.69E-05,3.97E-04,4.86E-04,8.68E-04
1772.289,-1.69E-04,-7.40E-05,-9.89E-06,3.97E-04,4.01E-04,7.14E-04
1774.217,1.71E-04,1.26E-04,-1.45E-04,2.39E-04,3.22E-04,5.42E-04
1776.146,5.56E-04,2.13E-04,9.11E-06,1.55E-04,1.98E-04,5.75E-04
1778.074,4.85E-04,1.31E-04,1.88E-04,1.41E-04,5.08E-06,0.000464609
1780.003,4.95E-04,2.12E-05,1.22E-04,1.84E-04,2.48E-05,3.51E-04
1781.931,3.84E-04,2.44E-05,3.48E-05,7.54E-05,1.85E-05,1.53E-04
1783.86,1.13E-04,-7.74E-05,-3.20E-05,-6.31E-05,4.64906E-05,-1.26E-04
1785.788,1.35E-04,-7.54E-05,-3.13E-05,5.36E-05,1.15E-04,6.19E-05
1787.717,1.19E-04,1.25E-04,-5.16E-05,8.43E-05,7.76E-05,2.36E-04
1789.645,-1.27E-04,1.70E-04,-1.24E-04,-4.78E-05,-1.06E-05,-1.21E-05
1791.574,-2.58E-04,9.86E-05,-7.42E-05,-1.90E-04,-2.99E-05,-1.96E-04
1793.502,-1.12E-04,-2.76E-05,-5.44E-05,-1.78E-04,-3.72E-05,-2.97E-04
1795.431,4.38E-05,-1.45E-05,4.00E-05,-4.44E-05,1.47E-05,-4.14E-06
1797.359,-3.42E-05,6.33E-05,9.65E-05,-7.04E-05,1.67E-04,2.57E-04
1799.288,1.19E-05,1.44E-04,-2.03E-05,-1.64E-04,1.35E-04,9.43E-05
1801.216,1.40E-04,3.69E-05,-5.65E-05,-5.72E-06,3.18E-05,6.43E-06
1803.145,2.54E-04,2.73E-06,-3.40E-05,5.73E-05,8.90E-05,1.15E-04
1805.073,3.05E-04,1.80E-04,-4.16E-05,5.78E-05,8.89E-05,2.85E-04
1807.002,2.24E-04,2.78E-04,1.62E-04,1.18E-04,1.30E-04,6.88E-04
1808.93,7.93E-05,2.47E-04,2.86E-04,-4.62E-05,1.42E-04,0.000628263
1810.859,8.27E-05,2.08E-04,7.75E-05,-1.31E-05,6.04E-05,0.000333236
1812.787,-2.26E-05,1.46E-04,-1.39E-04,6.57E-05,-1.30E-04,-5.77E-05
1814.716,4.44E-05,9.89E-05,-1.24E-04,-3.97E-05,-2.16E-04,-2.80E-04
1816.644,1.57E-04,7.41E-05,4.51E-05,-9.50E-06,-1.89E-04,-7.94E-05
1818.573,8.03E-05,1.96E-04,2.94E-05,1.73E-04,-1.18E-04,2.79E-04
1820.501,8.16E-05,3.77E-04,-9.10E-05,2.27E-04,-1.18E-04,3.95E-04
1822.43,1.06E-04,4.65E-04,-3.68E-05,9.65E-05,6.31E-05,5.88E-04
1824.358,5.32E-05,1.26E-04,5.89E-05,6.54E-06,1.82E-04,0.000374233
1826.287,-4.59E-05,-1.04E-05,3.67E-06,-5.94E-05,2.63E-04,1.97E-04
1828.215,-1.35E-04,-9.73E-05,6.49E-06,-3.31E-04,1.49E-04,-0.00027198
1830.144,-1.53E-04,-1.57E-04,9.32E-05,-5.59E-04,-5.00E-05,-6.73E-04
1832.072,1.51E-05,-9.41E-05,1.27E-04,-3.69E-04,-1.03E-04,-0.000439165
1834.001,1.84E-04,-1.49E-04,2.09E-04,-2.00E-04,-2.00E-04,-3.40E-04
1835.929,3.04E-04,-3.97E-05,-5.89E-06,-1.36E-04,-3.18E-04,-5.00E-04
1837.858,-1.72E-05,8.51E-05,6.82E-05,1.98E-05,-1.55E-04,1.78149E-05
1839.786,-4.09E-04,1.56E-04,4.29E-04,-1.23E-04,8.09E-05,0.000543637
1841.715,-4.24E-04,9.09E-05,5.88E-04,-4.42E-04,0.000244088,0.00048163
