Frequency,Mixed_Spectra,Formic_Acid,Fructose,HMF,Levulinic_Acid
850.0,-5.97e-05,-2.816995302822362e-05,1.3981245619093438e-05,0.0,0.00024225542832256565
852.0,-0.00013544089188488405,-0.00022939962263160958,-0.00010075399504954722,7.965652541830047e-05,7.917838492568381e-05
854.0,-0.00022820176302826048,-0.00016786722187349853,-0.00031733123291097194,0.00026956594935118624,-7.501088774192571e-05
856.0,0.0001488800622245313,0.0001636467008587283,-9.05208977829451e-05,0.00023524699060315028,-0.00011898241363082045
858.0,0.00038376188747731737,0.0001803052014303659,5.318627976431158e-05,1.7799825657415723e-06,-7.105329500872895e-05
860.0,0.000308636608763285,-0.00012873769058290824,-2.5736257464334234e-05,-5.014244049691904e-05,-4.021813356745037e-05
862.0,0.00028339719989629294,-6.446191990391001e-05,0.0003914616942023588,9.130878873587937e-05,-4.025000837851732e-05
864.0,0.00021825585688359114,4.771676197178669e-05,0.0007775639398238459,0.000327005740499081,1.307003876676264e-05
866.0,5.7685626134302e-05,7.80443082652108e-05,0.0006876605150907539,0.0003741141834894086,3.642950679211628e-05
868.0,1.1382240082965504e-05,5.6511510894490424e-05,0.0005195435690684438,8.645593348276514e-05,0.00011229180582711078
870.0,0.000229,-0.00011342583337344194,0.0005214581451566353,-5.760124731447226e-05,0.00015620246024361054
872.0,0.0002086413793103432,-0.0003187620480976805,0.0005268125593165704,-7.106363441919652e-05,5.670807170237977e-06
874.0,0.00010403485092040425,-0.0002790083918394869,0.0004313998969870506,-0.00023292482120802993,5.746877723882e-05
876.0,0.0001374531528728524,-0.0001270822268898492,0.0003202719127257243,-0.0002900785818199937,5.590016717829358e-05
878.0,0.0002677232189152753,-1.5487793928779892e-05,0.00013216948985586097,-0.0002187845017763082,-3.6477184770540885e-05
880.0,0.00017542285832815302,-5.886101391411744e-06,-3.373764133925392e-05,-2.9306884080042755e-05,-6.027349553238872e-05
882.0,-6.943805869542484e-05,-6.128477380266165e-05,-4.636317149408136e-05,2.6231441207900496e-05,-3.0095180280016422e-05
884.0,-0.00013376446795270708,-6.721624829817931e-05,6.91017098164966e-05,3.912531501520445e-05,0.00010674385177367883
886.0,9.903608835424744e-05,-6.867589055600031e-05,9.551928292041166e-05,0.00014309384022209758,0.00023040299171738345
888.0,0.0006102316946691614,4.6763671968699914e-05,0.00019773055020509952,0.00025736049814025343,0.000247187836257503
890.0,0.0008620342217152331,0.00015986667284067425,0.00033031086213740866,0.00024345663250645126,0.0001964375358045676
892.0,0.0008201569176519385,0.00012190803538727342,0.00024604703036739035,0.00010382740739736262,0.0002224731880657936
894.0,0.0007416494866742713,0.00013267597814056655,3.842637992768955e-06,7.957806703200697e-05,0.0002539808504335312
896.0,0.0006221350342252667,0.0002604440029384176,-6.106497907633061e-05,1.6094798094896292e-06,0.00014973710462867437
898.0,0.0004849905626134323,0.0003289334602774753,0.000128041032294177,-0.00011234991259196184,3.074398728558692e-05
900.0,0.0002956518019185912,9.742162983004475e-05,0.00020516693627686632,-7.646130767298222e-05,-3.1313842470848065e-05
902.0,4.227523982369718e-05,-0.00016066632082240508,7.765383914337533e-05,-7.629616827190402e-05,-0.00019686578020441345
904.0,-4.180576613948676e-05,-0.00020354770441796357,-4.6170843868302584e-06,-4.58225493739694e-05,-9.825855542067325e-05
906.0,0.00012204719730360709,-0.00011548560873734906,-0.00012570062508268108,0.00011534009625477943,-1.5579821566013538e-05
908.0,0.00014917438423645276,2.4996205051901927e-05,-8.736711524820152e-05,0.00012633162664158547,-0.00015958954179272556
910.0,7.509478869587926e-05,6.0605163739341225e-05,0.00023027564976779645,-2.7148409860387195e-05,-0.0003328752427303753
912.0,-9.287803992740127e-05,3.085802221030929e-05,0.00024845985396168357,-1.7593862755300625e-05,-0.00026684959956827165
914.0,-9.663158931812305e-05,1.6435980781272532e-06,8.922209236673318e-05,-6.823867393800545e-06,-3.813720829050495e-05
916.0,0.0001434217371013731,0.00011261395161643427,0.00022772218060676465,-5.534192452001115e-05,9.927393047494709e-05
918.0,0.00031214643505315015,0.00019266982260405713,0.0003589318256639861,-6.109955062826636e-05,0.00011487345142750053
920.0,0.0003178401866735801,0.00015589047195263352,0.00039110919587634943,3.101622825859952e-05,7.932591067358506e-05
922.0,0.00026140872698988444,0.0003418976007728813,0.00038672533901838794,-4.569545834358097e-05,0.00012355532010483814
924.0,7.055074410163362e-05,0.0002715192823431691,0.0004941478870151584,-0.00017643634522358372,0.00014433228905319224
926.0,0.00011540392014518549,0.00017290230101264805,0.00044230478316195735,-8.060089640763121e-05,0.00012113230853073776
928.0,0.00024439764583873854,0.00018221119522668225,0.0002775266654241958,6.501958064214996e-05,0.00015106427144021876
930.0,4.113375680580836e-05,0.00010569088827916523,0.0003406703842870004,0.00028388279487237626,0.00016022033123173896
932.0,8.869467980295541e-05,1.576815916268978e-05,0.0002808117679585563,0.0004122992393446266,0.0001387668372915495
934.0,0.0004993115893181254,1.7311677960930316e-05,0.00012268735487447482,0.00045567073514436756,2.755189564241253e-05
936.0,0.000795517759917036,5.466655475348297e-05,5.933431740851032e-06,0.0006555031203376429,-5.18305933371122e-05
938.0,0.0009195715322789754,-6.515920171393226e-05,7.754596312360798e-05,0.0009001283168345931,-1.6066546240800047e-05
940.0,0.0010549825771324875,-0.000176709078921562,0.0001546278527555447,0.0009340918696489844,-2.160225603652368e-05
942.0,0.001271170339642204,-0.00010623063739356255,0.00013374666732907757,0.0009109076045414351,-4.640401292464551e-05
944.0,0.0014,2.070033099396908e-05,0.00011165822108034403,0.0010979300156754147,-7.46950410411997e-05
946.0,0.0013462639357013227,0.00012184990185725692,0.0001382404998140624,0.0012453428369636817,-9.173465505639523e-05
948.0,0.001282766917293233,0.00014279618281841876,5.811344032483224e-05,0.0011388745390592805,1.5830985738754754e-05
950.0,0.0013433851897946489,0.00016556335728959814,-3.147622149376674e-05,0.0008991381523317497,7.893022432720989e-05
952.0,0.001351083687649071,0.00015766613138521105,2.4163133034429842e-05,0.0007373588391341065,-3.5561212629279825e-05
954.0,0.0012751441609624545,8.109556776413757e-05,-1.1520942214679874e-05,0.0007475039411290096,-9.682164564080686e-05
956.0,0.0013800954059939832,4.906429135250358e-05,-2.5973964470100772e-05,0.0008296976479884005,-8.466946961389246e-05
958.0,0.0016351602364654562,-2.4361461528248666e-05,0.00013079901335666353,0.0008392029300680026,-0.00015785736506769153
960.0,0.0018275038888312747,-8.56645281175617e-05,0.00034160738162306465,0.0008800444589516595,-0.00018633065019458953
962.0,0.0021685827629122547,-5.4056226619191944e-05,0.0005880419783942861,0.0010972463630106028,-0.0001379733007640652
964.0,0.0028397324484081754,7.348010257566994e-05,0.0008913148147105876,0.0014481864325895826,-0.00013341549170603698
966.0,0.0035112238124870377,0.0001429326286652085,0.001159273549809129,0.0019602037581066536,-8.302256879749818e-05
968.0,0.004014240900134823,7.061651723705983e-05,0.0011613526642040132,0.002404438850570521,-1.9920042701892372e-05
970.0,0.0037747744243932747,-9.93425348972745e-05,0.0009409515001962303,0.002143220450494003,-8.522444642115895e-05
972.0,0.003032824474980546,-7.644045205009311e-05,0.0007364520934634405,0.0014146236203435088,-1.5857534550204754e-05
974.0,0.002678470313715319,-1.4293952879502777e-05,0.0007376044223249519,0.0008936105054939424,6.357746406075546e-05
976.0,0.0028405797251750023,-2.178959581434983e-05,0.000980729410166218,0.000743200695729644,6.805764910116698e-05
978.0,0.0030608991444127545,6.195549908659779e-05,0.0012282326854181893,0.0007017757923262458,-2.5815388856039588e-05
980.0,0.003220123411978221,0.00011848116219008393,0.0013390904880033287,0.0006086540486578365,2.477315768045122e-05
982.0,0.0033486678765880227,2.7345303237556626e-05,0.001347408065565117,0.0007452440477103307,0.00015641111879593597
984.0,0.0035373907181747515,-0.0001723980157664689,0.0012363175570821719,0.0011459143121324686,0.00027954491133693236
986.0,0.003888779362198608,-0.00029843878094030064,0.0010210090657165735,0.001539748926841464,0.0003708950907495617
988.0,0.004286918848846257,-0.00018689832840091452,0.0008277978391794233,0.001885407339965033,0.0004272411376312149
990.0,0.004674167487684721,-2.8418167874075045e-05,0.0007019611430614978,0.0022482980568508133,0.0005025604857207625
992.0,0.004877083743842366,-1.2630805666542308e-05,0.0005490272193947252,0.0024962741428605256,0.0005296022734084515
994.0,0.004622021778584395,-7.444650454710147e-05,0.0005306563856988664,0.002602760151168679,0.0003969943617360533
996.0,0.00417963754213119,-0.00013426443301692268,0.0006216071494104577,0.0024518479722412455,0.0003216530673336968
998.0,0.00378451905626134,-5.147230588827424e-05,0.0006231418701508611,0.0022677086667568782,0.0003195679879621275
1000.0,0.003604615225057042,-3.913581397314802e-05,0.0006226921610295203,0.002191891234576853,0.0002378943679849462
1002.0,0.0036632970451010902,-0.00019691755307920118,0.0006907311787978886,0.002111723330706708,0.0001444122595416113
1004.0,0.003820259336099589,-0.00023996741495987302,0.000858974629705503,0.002214268483029954,0.00010112417207893722
1006.0,0.004058885432866768,-2.005452469265033e-05,0.0009997072966457714,0.0024062404955800427,-3.3773459743953875e-05
1008.0,0.004417821576763477,0.00015380085363514567,0.0010732716525338928,0.002501476925796848,-0.0001890999465791261
1010.0,0.004880134784862617,1.7905403563597578e-05,0.0012337002261804324,0.0028331836457360913,-0.00016927255747781355
1012.0,0.005192614107883816,-5.4841378993826555e-05,0.0014247445754446463,0.003356054989320631,-7.695480969884098e-05
1014.0,0.005688802488335927,-8.117784467906744e-05,0.001490044722542075,0.00372768415674093,1.1157027852827595e-06
1016.0,0.006409595435684654,-0.00011092115030451321,0.0015267310629280238,0.0041752105675284664,0.00014593699026241972
1018.0,0.007140368066355639,-4.6718955762669965e-05,0.0016207784240915737,0.004804374973267249,0.0002457243270416609
1020.0,0.007884647302904581,8.579322752026064e-05,0.0015266139226208554,0.005413131944543517,0.00024529911755986135
1022.0,0.008744712286158614,3.111470006090636e-05,0.0014586307140615116,0.006076489371924672,0.0003540767111440835
1024.0,0.010009419087136977,-0.00010509218202108613,0.0017484875551682137,0.007108212716050253,0.0004581888787167314
1026.0,0.011087168049792531,6.483864463046663e-05,0.00204138832122255,0.00788025926655995,0.0004917808815964773
1028.0,0.010873468118195888,6.294852089401371e-05,0.002278249999609786,0.007644652914674963,0.0003653680025981749
1030.0,0.009447251037344393,2.2958644794966324e-05,0.0024963664219442372,0.006346082425827144,0.0002708855215977416
1032.0,0.007620139968895852,-4.391475004679211e-05,0.0027003650697691433,0.004666049900195259,0.00015582695479918294
1034.0,0.006360088174273847,-0.00013668993044934626,0.0030246763397129843,0.0032860166160835003,3.299495425674707e-05
1036.0,0.005521742738589227,4.037241493014817e-06,0.0032349673108124175,0.0024711925602348373,-0.00018912975325954644
1038.0,0.004877060653188176,0.00010621984736501455,0.0032680437826264745,0.001996691578724694,-0.0003039414257761292
1040.0,0.004594012441679626,8.794979879215622e-05,0.003308943987184083,0.0015037590761264863,-0.00019414252232088371
1042.0,0.00444683091286307,8.658299771163443e-05,0.003518669063147682,0.0012064069758843633,-4.679865086569277e-05
1044.0,0.004482510373443986,-2.123468455690207e-06,0.0037454109309694255,0.0010350434220132065,8.991454241435542e-05
1046.0,0.004532602384655259,-8.709203316453584e-05,0.003974364246138584,0.0008926761236825134,0.00011515225946159606
1048.0,0.004558512182477967,-8.50297187328177e-05,0.004373110671008736,0.0007956930128622777,4.268380417202852e-05
1050.0,0.004850057053941906,-6.442647614209165e-05,0.00479092950734296,0.0007629386828834859,8.131979831187251e-06
1052.0,0.0054720228215767615,-0.00016353708946036544,0.005247817735339173,0.0007225149405083888,0.00011748836512283564
1054.0,0.006324105754276835,-0.0002562978509664777,0.005827469302683977,0.0007444943350541368,0.0002519607101824478
1056.0,0.0071177604976671955,-0.00018913536193238914,0.006406699565848281,0.0008692110192523008,0.00038953191022686673
1058.0,0.007765881742738609,-0.00012661741151642793,0.006967287051564313,0.000913351657303226,0.00046343871365443767
1060.0,0.008276410788381752,-9.449743381462113e-05,0.007529254286708193,0.0009142550768236317,0.0005067960734487334
1062.0,0.00861573872472783,4.347055128729605e-05,0.008008651135175713,0.0009714422380590195,0.0006128775515829891
1064.0,0.008866687402799379,0.00012018087632458335,0.008280739442549954,0.0010101579192698892,0.0005630908601190242
1066.0,0.009105243775933606,0.0001893561943651073,0.008154659055420151,0.0011512260747130753,0.000398111940518042
1068.0,0.009048101659751034,0.00019718225498685182,0.007743183978543854,0.0013206498688984212,0.00037029405338355156
1070.0,0.008451394504924837,0.00013462682552642673,0.007103423287142133,0.0014217628764102974,0.00031498704203686365
1072.0,0.007720176257128012,0.0001510523142564499,0.006435769136595863,0.0012449361762000449,0.00020830192728693992
1074.0,0.00701101659751037,0.00016201427549424654,0.005904234073625317,0.0010433946544129169,0.00010970428499236114
1076.0,0.006504621369294632,-2.3640243220430416e-05,0.005524419436947817,0.0009333011096997169,2.710461859387842e-05
1078.0,0.0064012441679626745,-8.071274960050391e-05,0.005462454618042852,0.0008079326882010707,7.552287325229591e-05
1080.0,0.006301726283048227,4.962242646107328e-06,0.0056778276147791025,0.0006155297887770512,5.386734655476775e-05
1082.0,0.005931172199170125,2.2220298888286903e-05,0.005933365982526965,0.00045233406716146723,-3.1685216907946735e-05
1084.0,0.005945204769310525,0.00014983805299883374,0.005974617551425351,0.0003689167807185261,-0.00011478753171613874
1086.0,0.005834937759336081,0.00014274568297367968,0.005871028083196178,0.00021291180059757625,-0.00016497059465620358
1088.0,0.005328382581648533,-0.00020831728578827062,0.005667985537888085,-6.609619785389201e-05,-0.0005239746928611711
1090.0,0.004816177385892142,-0.0004228294842781847,0.005256569087187976,-0.00018116089510940736,-0.000730338252435366
1092.0,0.0042212908242612816,-0.00014260267630122474,0.004471566993430907,7.854684896060656e-05,-0.00033395280490767343
1094.0,0.0036428526970954437,4.950091507444716e-05,0.0039752419667502,0.0002449725187197522,-0.00015079883291690236
1096.0,0.003432731985484707,8.202209642854013e-05,0.0037658016741931423,0.00023760977134210543,-3.078367380525362e-05
1098.0,0.0034777645228215763,-1.641815598730174e-05,0.0037267880434490148,0.00013079072368350728,-8.217594375510491e-05
1100.0,0.0034825298081907715,-7.070860008407462e-05,0.003795034719425193,6.86706736436249e-05,-0.0001871872812292199
1102.0,0.0033970539419087126,-5.297976621971667e-07,0.003772831348059877,0.00010221404883536241,-5.6682371103806305e-05
1104.0,0.0034613063763608153,2.8132089072189594e-05,0.003748693563142712,7.829327904363812e-05,0.00012976342325823014
1106.0,0.0036100726141078832,8.431647737854821e-06,0.0036929624570266823,5.546988540610731e-05,7.076057952095704e-05
1108.0,0.003425349922239508,7.266754941509662e-05,0.003520994510689468,1.0869312393842892e-06,-3.986638172238496e-05
1110.0,0.0030751037344398393,0.0001392307449443337,0.0032084911783759164,2.677636227156932e-05,-3.818214792619043e-05
1112.0,0.0027801451529289776,0.00012164464660389859,0.002818625579543242,0.00011343715413998903,-6.379099261835571e-05
1114.0,0.0024126919087136952,1.667337278058336e-05,0.0024275892607785055,6.071645068641432e-05,-7.706673974089562e-05
1116.0,0.0020288646967340507,-8.113618885837506e-05,0.0021322568585303574,-6.050530407971621e-05,-5.205660292545901e-05
1118.0,0.0019345228215767636,-8.666566807779337e-05,0.00200202010855243,1.3392336306547506e-06,-3.6101948536982424e-05
1120.0,0.002069725246241568,-8.459309086171154e-05,0.0018900961811370747,0.00011657078054830906,-0.000127353299565595
1122.0,0.00211,1.931906547807793e-05,0.0017410057414865695,-6.546106907006743e-05,-0.00014830604431005032
1124.0,0.0020011612234318342,5.629747123827714e-05,0.0016403625204796182,-0.000207075919784076,-0.00010304501578211501
1126.0,0.0017876141078838148,3.443859590568648e-05,0.0017241459650962103,-3.335213072646038e-05,-8.739474948797043e-06
1128.0,0.0017417729393468123,0.00010147622890542859,0.0017368630252421059,0.00019017684689096896,9.36518078248614e-05
1130.0,0.0019866493775933694,0.00021691214670058553,0.0017646588990137793,0.00024129940571761686,7.027316763045063e-05
1132.0,0.002354774494556762,0.00025817433048829657,0.001673527143356729,0.00017099207744491722,0.0001057980221905369
1134.0,0.002472965266977715,0.0003483213564865152,0.0016009078349996536,6.377877174006298e-05,0.0002184128270338757
1136.0,0.0026071576763485476,0.00035894635287755147,0.0018028199348770486,0.00011579666700030064,0.00015211277775800062
1138.0,0.002729694142042505,0.000351181045079973,0.0018902346869314342,0.00011385001104649497,0.00016531988825728203
1140.0,0.0028347199170124493,0.0003965394307022263,0.0019198830821563551,0.00012080407973638251,0.0002888644604068463
1142.0,0.002948818040435456,0.00041540486428136216,0.0018701373931471713,0.00022006673436189667,0.00035284514768609324
1144.0,0.003089917012448138,0.00044322592787048753,0.0018026466254427345,0.0002472528011597384,0.00043341478057079064
1146.0,0.0033535614307931556,0.0003809512281063099,0.0018956314911592932,0.0002483357197653809,0.0005910226865612079
1148.0,0.003650539419087145,0.00037384505591317875,0.001912423109847488,0.0002799001228156128,0.0006689491454564772
1150.0,0.003906640746500772,0.0003861915965162701,0.001803996095187469,0.0002827317474378154,0.0008056290466493082
1152.0,0.00425172717842322,0.0005599682849689009,0.0018127509486336876,0.0002753337468127328,0.001071251809206912
1154.0,0.004784603421461892,0.0007660009495462207,0.0019728467933262674,0.0002269028827947245,0.0013905528931139465
1156.0,0.005250674273858918,0.0008412840440272845,0.0021274713187986846,0.0002517898421457454,0.0017495470445836106
1158.0,0.005674447900466564,0.0008357397714952972,0.0021995482394958623,0.0003419555047056853,0.0022366058232754817
1160.0,0.006263080912863076,0.0008946900671350496,0.002109348867317124,0.00034938991340528237,0.0028003823901836286
1162.0,0.007023385173665122,0.001031851732654923,0.001937953492988002,0.00030816823387095303,0.003469429676002633
1164.0,0.008044087136929492,0.00115649596816451,0.0018061784277652669,0.00025715654988102307,0.004438738691954483
1166.0,0.009388367029549025,0.0013680104886032646,0.0016529080024982952,0.00031726092393460486,0.005672134280582752
1168.0,0.010909512448132734,0.0016311528993829295,0.00145929097567005,0.0004428683149669603,0.0069811183946863805
1170.0,0.012257993779160188,0.0017917903254814046,0.0013241372412073126,0.0005291525942530869,0.008259680860851186
1172.0,0.012928143153526963,0.001955671198091011,0.001260049132280007,0.0005564048211533201,0.008916215000260143
1174.0,0.012528035251425595,0.002182718411459486,0.0012559662617411098,0.0006044549719439265,0.008442102108505243
1176.0,0.011528584024896274,0.002473708629368568,0.0012938511430544961,0.0006865257427466072,0.007178565833992676
1178.0,0.010699688958009301,0.0027256947593978426,0.0012571201193791227,0.0007981082222862914,0.005669935040892588
1180.0,0.010168506224066388,0.0029016377189637747,0.0012524084605043053,0.001003953581587592,0.004392297999534692
1182.0,0.010037008812856407,0.0031841625764058544,0.0012790627152183963,0.0012537407966377223,0.003556753349298734
1184.0,0.010305409751037347,0.0035366499054220466,0.0012832976149704171,0.0015809871029010768,0.0031067353191042875
1186.0,0.010961238983929476,0.0039015402418428892,0.0013012976288791832,0.002057707327450789,0.0029422499897505615
1188.0,0.011937185069984476,0.0041688568352305,0.0012193192185480308,0.002805287668196001,0.0028626798557281215
1190.0,0.01310522302904563,0.004401524249111255,0.001152827764971754,0.003592604303984773,0.0027976150663350918
1192.0,0.014006049766718523,0.0047838398796512475,0.001059269097129415,0.004304292812716461,0.0027121664787440702
1194.0,0.01443,0.005360436055995788,0.0010209547433150056,0.004628352516563692,0.0025559099566976346
1196.0,0.014399020217729385,0.005735572467215409,0.0009351859174787951,0.004378586061911968,0.002351043230874434
1198.0,0.014220736514522821,0.005983507916821601,0.0007684038174864368,0.003713671604290383,0.002214724104024002
1200.0,0.014058289269051328,0.006298347575949645,0.000677084020636437,0.003114399907140458,0.0022185048942325205
1202.0,0.013911327800829876,0.006638591975664045,0.0006628096212888217,0.002694774747269343,0.00242125403600099
1204.0,0.014020093312597197,0.006974201829899971,0.0006711203621577302,0.0023500274073901773,0.00266225431154017
1206.0,0.014182852697095434,0.0073389390713641586,0.0006082416250130951,0.0020424064564013244,0.002945447670705072
1208.0,0.01411082426127527,0.007609857872772577,0.00047180392675850666,0.0016478905486761479,0.0033006746964743066
1210.0,0.01405020746887967,0.007705074574320803,0.0004744298648908565,0.001283835401510541,0.0036701734141664577
1212.0,0.014211845515811295,0.007708268637124736,0.0006099428020212729,0.0010729428325504384,0.00409604195233303
1214.0,0.014405627593360995,0.007704342393554115,0.0006894732706410975,0.0009383349683664948,0.0044890291420809515
1216.0,0.014530559875583203,0.007630716493307711,0.0006761326810020054,0.0007878344419916805,0.004855382531016017
1218.0,0.014642188796680498,0.007439035347365005,0.000695334800893802,0.0006792889206742037,0.00519393170449881
1220.0,0.01456895800933126,0.007208792184229539,0.00070649168271622,0.0006414582110357806,0.005473547470627914
1222.0,0.014297245850622399,0.0069803987074865854,0.0007247721791097335,0.0005862557284668576,0.005671912259906036
1224.0,0.013968869880767234,0.006699966648362819,0.000801965298224725,0.0004821970105244403,0.005700853518157097
1226.0,0.013382095435684619,0.0063556816245495425,0.0008917132537974129,0.00040019621776734627,0.005582718955992345
1228.0,0.01271029548989112,0.0059955420487474076,0.0010155096358108165,0.00041634324837157196,0.005387936151250212
1230.0,0.01219090248962657,0.005587825188102282,0.0010552069377943536,0.00038493353366349166,0.00507651084756035
1232.0,0.011520886469673395,0.005112447009544211,0.0010199799547896697,0.0003277259448796844,0.004761372557379499
1234.0,0.010884066390041507,0.004670529896433257,0.0010937895570655206,0.00036437105971556626,0.004460051394231715
1236.0,0.01042636080870916,0.004405194385470306,0.0012549996038662126,0.00042073431847420835,0.004222877471402793
1238.0,0.009971680497925317,0.003983705310236725,0.001339302566370009,0.00047416542976012665,0.004043030563470071
1240.0,0.009535225505443211,0.0035613535026958482,0.0013054479087711006,0.0004994212421569835,0.003958108191042852
1242.0,0.00928452566096423,0.003231803791474461,0.001257516087830371,0.0004867448947302447,0.004101965452810407
1244.0,0.009062593360995855,0.002843259816578992,0.0013062896506279152,0.0005814498086036529,0.004349409023674634
1246.0,0.008952970451010886,0.0024631737770896213,0.0013165150882286252,0.0006808780170097731,0.004555841547445851
1248.0,0.008986794605809128,0.002143867057737027,0.0013013507030810044,0.00062532216954938,0.0047678320296452685
1250.0,0.009005759460860546,0.0018863455374911746,0.0012880414694413367,0.0006375472950826625,0.004973200241211991
1252.0,0.008801773858921162,0.0016532111933727108,0.0013216713835106292,0.0006643447481106705,0.005049779375509386
1254.0,0.008331524105754258,0.0015363854670030481,0.0012825463472202318,0.0005747442111272373,0.004983182325448981
1256.0,0.007782095435684654,0.0014239898277715567,0.0012972166089770753,0.000473729038207161,0.004779982090653277
1258.0,0.007370005184033187,0.0012106594550347503,0.0013542402614355024,0.0004262322096210172,0.0045111864653955185
1260.0,0.007018718879668051,0.0010300650905002424,0.001403379192842216,0.0004562262414312399,0.004275810139767025
1262.0,0.006548050803525149,0.0008966034339825582,0.0013700044721644518,0.0005238634715791507,0.004060753517042941
1264.0,0.00619213692946058,0.0007703917428316246,0.0012081019509381562,0.0005332018544387879,0.0038665779464842455
1266.0,0.006075909797822706,0.00067476781092612,0.001079041826586629,0.0005381355830893652,0.0037088361164844207
1268.0,0.005953584024896263,0.0006045572744375902,0.001049319826008968,0.0005041275795624679,0.003517263131418089
1270.0,0.005708610679108356,0.0005407760518033968,0.0010068560924266614,0.0004719385853379609,0.0033328782892228224
1272.0,0.0054680082987551915,0.00040594496161128706,0.0009918132005517079,0.0005407949102829727,0.0031870440345769485
1274.0,0.005312026956972527,0.00025307932873017824,0.0009916838727372487,0.0006859733478181433,0.0031269459527573902
1276.0,0.005355160788381743,0.0002192021099989756,0.0009222978508543863,0.0008308187112145948,0.0031370347780050826
1278.0,0.005538413685847587,0.0003281772906733934,0.0008435158959110693,0.0010091545000132465,0.003100276308808019
1280.0,0.005665632780082989,0.000348106657162905,0.0008347653641576176,0.0012729986973751767,0.0029990787611116634
1282.0,0.005751296008294453,0.0002766267671076486,0.000806131005170279,0.0015815159155973103,0.002985126676518946
1284.0,0.005874445020746893,0.00024085750062644026,0.0006846089818656087,0.0017845621781244316,0.0030192987717987266
1286.0,0.0059,0.00018934845672302612,0.0006772880435820577,0.001828070933806806,0.0029537529314968385
1288.0,0.005777136929460588,0.00013295110111769505,0.0007896069399573476,0.001802802978348282,0.002790437207609863
1290.0,0.005439937791601862,7.5092151919098e-05,0.0008451039486017826,0.0016352635691280761,0.0027441502246972603
1292.0,0.005067365145228229,2.7963239976037648e-05,0.000850979743336486,0.0013145540256539678,0.0026430377881869376
1294.0,0.00466444790046655,-1.6665703898982135e-05,0.0007805791157360984,0.0010820219222508912,0.0025264990642821714
1296.0,0.004366371176775534,5.7268339941645466e-06,0.0006866982626081567,0.0009281067266725168,0.002592190589969261
1298.0,0.004220586099585056,2.8270192595704337e-05,0.000737234147776311,0.0007214355797347975,0.0025159801646428555
1300.0,0.004060990150336965,2.8676863801546033e-05,0.0008461775383802098,0.0005511552151796256,0.002366871911650938
1302.0,0.0038831535269709563,4.619380193689657e-05,0.000901461675820207,0.0004507090961274152,0.002267156323358551
1304.0,0.0038138724727838262,2.355204764979628e-05,0.0009654087093824812,0.00037829193638444725,0.0022183640679814447
1306.0,0.0036646680497925345,1.4947871753705048e-05,0.0009157051604593045,0.00038065660109531246,0.0021639537589627092
1308.0,0.003607247278382583,3.160915446101826e-05,0.0009165164016896776,0.0003631632626926997,0.0021418955694267675
1310.0,0.003751379668049792,7.78389484547389e-05,0.0010185452985262639,0.0003576216947231296,0.002122250866201232
1312.0,0.0038203265940902017,0.00011372107736198626,0.0010142483536189043,0.00040557042906065355,0.0021539252723362674
1314.0,0.0038179719917012457,0.00013629191302971634,0.0009099830071133186,0.00045285906158787137,0.0021937853619229987
1316.0,0.0038658631415241073,0.00012214507180615547,0.0008083604700696878,0.0004665462192291712,0.002183574171870301
1318.0,0.00389,8.090385545540072e-05,0.0007802252441097382,0.00048597943482995795,0.002170329729987992
1320.0,0.0038758786936236396,7.390538699568904e-05,0.000855400511617426,0.000478957990206779,0.002176586658592934
1322.0,0.0038853890041493774,0.00013627181024730242,0.0009787140876981713,0.0004410253276976221,0.0021923573361789443
1324.0,0.0040244167962674975,0.0001871225760534762,0.001075383498022568,0.0004533896830260324,0.002232156657026239
1326.0,0.004236390041493777,0.00017989375193593185,0.0011048749158763416,0.0005123864982138292,0.00226837227118637
1328.0,0.004419035769828931,0.000201031132953931,0.0011146472613073827,0.000494374203728695,0.002283337589538525
1330.0,0.004571856846473031,0.000290976902518788,0.001206698995658499,0.0005702502338902977,0.0023289105722927544
1332.0,0.004730896837739756,0.000382943056940567,0.001277758784440401,0.0007908891346757149,0.002479080208445842
1334.0,0.005050207468879665,0.0004153771814829135,0.0013324662347871147,0.0009214060362522531,0.0026807377305340936
1336.0,0.005479911871435966,0.0004614175962953236,0.0013582421879445507,0.0009470909103383258,0.0028525287781735547
1338.0,0.005861561203319507,0.0004583344690007202,0.0013545993302414058,0.0010048639813861903,0.0029972927126782033
1340.0,0.006266547433903571,0.00043560536725452674,0.0014091169654528437,0.0011707346138099541,0.0031008523970338653
1342.0,0.006549657676348556,0.0005765549950996231,0.0015090655070282275,0.0012225641790013502,0.003262992121314538
1344.0,0.006589155002592017,0.0007184575570683105,0.0015316449374128452,0.0010890248450892994,0.003398186511538398
1346.0,0.0067424481327800915,0.000834867578476618,0.001499928039456993,0.000879950186191933,0.003536942628168267
1348.0,0.006908341109383102,0.0008891832125286982,0.0015139393770104417,0.0007800143151589338,0.003770321305944281
1350.0,0.0070999740798340935,0.0009658141805463382,0.0014763017290967313,0.0007690436675465204,0.004027438322841355
1352.0,0.007487432572614116,0.0010194531648787882,0.0014087990533931739,0.0008274518901009648,0.004328743207811974
1354.0,0.0079314463452566,0.000955911310933182,0.0012940375049962827,0.0009995023515687828,0.004669025150385873
1356.0,0.008357946058091299,0.0009115677142629129,0.0012517246893107455,0.0010659501598061286,0.005085784233994297
1358.0,0.00878658372213582,0.0009998418798437619,0.0012264092080257476,0.0010597081389154717,0.005423539319241431
1360.0,0.00915091286307055,0.001140070857852554,0.0011755504963166985,0.0010395674547772993,0.005639605413261622
1362.0,0.00942228615863141,0.001251673041768273,0.0011066923671184125,0.0010090076022432296,0.005832966134280981
1364.0,0.00981029045643152,0.001359077222250992,0.0011078230489967654,0.0010556242402815423,0.006095431173128198
1366.0,0.010282923794712287,0.00149357041823132,0.0011567498781726274,0.0012051896496289949,0.006389243853512339
1368.0,0.010644538381742735,0.0015919057548505,0.0011467412905235206,0.0013532320274241576,0.006596056897309237
1370.0,0.010941390041493778,0.0016521470566922495,0.0011468632521242092,0.0014642543178781289,0.006756872756685857
1372.0,0.011244831518921722,0.0017879846734218828,0.0011891841888553968,0.0014663826992203774,0.006936088028276381
1374.0,0.01141056505961638,0.0019983674669773696,0.0011883915833321534,0.001335353497823296,0.007082472920909261
1376.0,0.011232090248962646,0.0021385865722113708,0.0011841564697666568,0.0011442078723957192,0.006981369751460429
1378.0,0.01080238070539418,0.0022443272626109525,0.0011940601463928163,0.0009879184148902113,0.006581047088729702
1380.0,0.010282566096423031,0.0023646039227507155,0.0012074130663193914,0.0008881301411543029,0.006056286204739893
1382.0,0.009883996889580093,0.002481559940507145,0.001198236467076916,0.0007871686827989992,0.005504225599591003
1384.0,0.009539994813278012,0.0025828281541297304,0.0011702668118262285,0.0007050368484312317,0.005022191973444779
1386.0,0.009253319502074687,0.002664390765017728,0.0011660138388368544,0.0007654410018344281,0.004683507161198861
1388.0,0.009297034733022291,0.0027968175231106265,0.00116908718574031,0.000869293832699625,0.004525584251209712
1390.0,0.00974718506998447,0.002890097968376717,0.0012629988738850912,0.0009419899879379771,0.00458907977342314
1392.0,0.01039357365145229,0.00295637825894496,0.0013612416126836829,0.0011177581092839237,0.004816644001277547
1394.0,0.011109989626555983,0.0030584308362923158,0.0013115495159946103,0.001513719600437533,0.005205519466637519
1396.0,0.012152514256091245,0.003134232896747631,0.0013611259349021055,0.001940135931086663,0.0057730556974307096
1398.0,0.013205702436495567,0.0031794128644442917,0.0014351546759885075,0.0023500706211076164,0.0063232781841781925
1400.0,0.013909994813278025,0.0031932173983280046,0.0015470099760892476,0.0025412309820764603,0.00683136288959124
1402.0,0.014167971991701238,0.003096063514383954,0.001610444516119177,0.0024029408015425776,0.0072736290941071355
1404.0,0.013654805598755792,0.002942771574828299,0.0015524579274394609,0.002078130041992795,0.007290081608198727
1406.0,0.01273331950207469,0.002734464138285317,0.0016019923803686045,0.0017201664190998073,0.006920434686836828
1408.0,0.012006867219917039,0.0026807926372794263,0.0016632371947937576,0.0015079582662095856,0.006477149154785571
1410.0,0.011450751684810785,0.0027229681198042504,0.0016285281082784727,0.001368570607946235,0.006017520061009182
1412.0,0.010799533437014014,0.0026210587661215073,0.0017044213560895134,0.001156417675949916,0.005650326078987055
1414.0,0.01022767634854771,0.0024960292326465334,0.0017892056273302822,0.000993794014821407,0.005429510779419333
1416.0,0.009757308091286311,0.002427875224064599,0.0017884704841338332,0.0008979126834691684,0.00518881557849557
1418.0,0.009359160186625186,0.00231394963763137,0.0017320990244549734,0.0008498150827205599,0.004902997997921167
1420.0,0.008933371369294603,0.002210861162714034,0.0016502330062312047,0.0008039378744859591,0.004593309740440109
1422.0,0.008557827890098487,0.002142300796166159,0.001636470846882619,0.0007876590616879978,0.004298723335492545
1424.0,0.008212422199170132,0.0020641224852192886,0.0016440922994346106,0.000766879100614884,0.004063799670260248
1426.0,0.007833048211508563,0.002032445743618365,0.0016115076399909974,0.0007556252330001916,0.0038041399155837783
1428.0,0.007478630705394194,0.001953278922206968,0.0015908845768045142,0.0007949274852243425,0.0034634289392374736
1430.0,0.007182472783825817,0.0018037863130442309,0.0016301274348428047,0.0008153930820511828,0.003162694370595903
1432.0,0.007005280082987552,0.0016655347116301135,0.0016750554537167301,0.0007738496199235466,0.002985028695676571
1434.0,0.00677304302747537,0.0015713763255875144,0.001627473737224931,0.0007551708002274239,0.0028169281343467965
1436.0,0.0063417427385892055,0.00149414496336802,0.0015314466250022313,0.0007871910278459439,0.0025868851533199758
1438.0,0.005949320891653719,0.0014408238253559478,0.001489321835854816,0.0007652164746354058,0.002400581177547251
1440.0,0.005645248962655605,0.0013705586694758463,0.0014973603176367534,0.0007511354994772214,0.0022086127793555293
1442.0,0.0053182737169517975,0.0012750179823084378,0.0014732765973092738,0.0007198776927667895,0.0019820819241501545
1444.0,0.004891327800829873,0.0011676122276905471,0.0013886087383604584,0.000667443897789364,0.0017860007637148577
1446.0,0.004418947641264911,0.0010835604232393014,0.0012691776408970676,0.0006628435123890181,0.0015600420659367294
1448.0,0.004110591286307047,0.0010204501790109202,0.001274646997843402,0.0006714551637665531,0.0013912996886980165
1450.0,0.003981923276308969,0.0010099996247380002,0.001343705230152619,0.0006750183218055486,0.001274694404164036
1452.0,0.0037588485477178316,0.0008984887073512583,0.0014490770060637172,0.000627671765758901,0.001067572780268151
1454.0,0.0034439813374805574,0.0007717129173493318,0.001518938627783703,0.0006489117815360538,0.0008982730206351816
1456.0,0.003181945020746901,0.000661717464638399,0.0014603240234696449,0.0007163367272962222,0.0007693602645863024
1458.0,0.0029465145228215746,0.0005930414178165881,0.0013616092118673548,0.0006528165435621625,0.0006881201114473099
1460.0,0.0028167288750648068,0.0005584279250299253,0.0012169849541294625,0.0004972038855137781,0.0005791933918085502
1462.0,0.0025990352697095346,0.00043989180808559657,0.0010859970040109199,0.00030375212786408354,0.00043502994713909586
1464.0,0.002280829445308454,0.0003729344470848439,0.0010025038214589194,0.0001884093749499077,0.00035711949941632647
1466.0,0.0019232365145228085,0.00040021444213378236,0.0009151536322001833,0.00016081263816441707,0.00027167495843132564
1468.0,0.0015891757387247333,0.00033810528502442496,0.0007815810215903664,5.58839515297001e-05,0.00016008602750908148
1470.0,0.00128220435684648,0.00026169213955827596,0.0006307465628021508,8.52520515169608e-06,0.00012156732030687492
1472.0,0.0010877361327112501,0.0002734042022851011,0.0005615022033014014,7.354907445521108e-05,0.00016176255655628497
1474.0,0.000909815352697098,0.0002790474869630214,0.0005232858902283227,7.578214465421086e-05,0.00018889379505980137
1476.0,0.0007844126490409534,0.0002382077098902585,0.0005070051762004515,2.0433955532994152e-05,0.00015805723050504191
1478.0,0.0007182064315352695,0.00015696002586218055,0.0004876248551470237,1.763784274259869e-05,0.00011030185031579956
1480.0,0.0006303063763608065,0.00015147039872554448,0.00042940187845423854,3.981562475821755e-05,9.611457999437545e-05
1482.0,0.0005654740663900415,0.00018103167785600403,0.0003773653466167938,5.403831898749378e-05,8.779756243843618e-05
1484.0,0.0005808232244686375,0.00017831267214741734,0.0003712659418095176,-1.2839941496270843e-05,8.088630187602428e-05
1486.0,0.0005155057053941942,0.00014939817559246515,0.0003095764733001217,-7.179679552987745e-05,4.521342820299278e-05
1488.0,0.0003054364955935734,0.00010686823465012743,0.0002428504830619215,-2.6774220497583803e-05,1.1159642446990427e-05
1490.0,0.00012053112033195183,4.117254023462281e-05,0.0002918347334403999,4.362162637376799e-05,-3.347761119848237e-05
1492.0,8.916127527216214e-05,5.7956764940235684e-05,0.00032551680211962726,9.5620219181121e-05,-9.417995825284629e-05
1494.0,0.00013376815352697088,0.00011735809939643616,0.00025620875950780985,0.00020293876131553782,-6.989686873355846e-05
1496.0,0.00020694971487817795,9.403442337611871e-05,0.00019733319458771088,0.0002744030382666336,3.689719288422833e-05
1498.0,0.0003058454356846482,3.934877280056614e-05,0.0002059779432160924,0.00032635595603563663,7.245391766843543e-05
1500.0,0.0003104235355106282,2.0908222121679486e-05,0.00021778262996405975,0.00043056371173884106,6.219050710792465e-05
1502.0,0.00024939056016597496,1.0234343772964043e-05,0.00018957096106777564,0.0005360033198630626,5.2631859173826876e-05
1504.0,0.00031924416796267236,4.148951737376124e-06,4.296848331228231e-05,0.0007205543292522832,5.140347761450755e-05
1506.0,0.000591020746887973,-6.447268367116307e-05,-9.674302066130258e-05,0.0009449670743789452,6.661489835443985e-05
1508.0,0.0007516547433903553,-6.178743484658476e-05,-2.4197568886924593e-05,0.0009983212121052597,6.171861184861181e-05
1510.0,0.0007897842323651465,-1.2857727025161344e-05,7.56725667826849e-05,0.0011321840255967277,4.671081635348214e-05
1512.0,0.0011668464730290446,-1.0703118156121835e-05,9.322235761060891e-05,0.0014806632624506037,2.9561937806020795e-06
1514.0,0.0017571747019181298,2.0228441190865962e-05,5.524830840691614e-05,0.001906981768251227,-3.058177744993465e-05
1516.0,0.002494445020746892,1.9291856545541053e-05,1.3262191834305593e-06,0.00255590618952715,-1.1747738877362322e-05
1518.0,0.003327558320373223,-1.3907938260409499e-05,2.5621390731268e-05,0.003381358080499376,-2.986235684474824e-06
1520.0,0.004110248962655614,-5.673719468246155e-05,4.1640008194676086e-05,0.004284600291845399,-1.943525763992211e-05
1522.0,0.0048372369103162165,-4.810239959954281e-05,1.2671193396034543e-05,0.005113448531404882,-3.492485164999281e-05
1524.0,0.005252007261410783,5.708019463801134e-05,-1.7248571030974724e-05,0.00539402510431373,6.736019539946067e-05
1526.0,0.004869476412649037,9.324108463722983e-05,-7.381591361833337e-05,0.005063701495894954,0.00018232673672717754
1528.0,0.00399244813278005,7.64422141623189e-06,-7.459758600624419e-05,0.004253677481382212,0.00017954205198429454
1530.0,0.0030833903576983042,-4.950701532179058e-05,-3.665380444926035e-05,0.0032588561309861916,0.00016457914275066484
1532.0,0.0021932157676348733,9.420153641838513e-06,1.646071087520886e-05,0.002380156981379503,0.0001165657004631636
1534.0,0.0014096474857439125,4.7964961221260414e-05,5.001650821299207e-05,0.0016807713249731514,3.943530979319321e-05
1536.0,0.0007891680497925324,9.163991673035928e-05,3.821400267039038e-05,0.0010734704220639656,-3.5891302863661036e-05
1538.0,0.0003314675997926367,0.00013563956678514465,-5.2440534921998155e-05,0.0007215802077829319,-5.870526641795645e-05
1540.0,0.00014473340248962577,0.00010660277855599228,-0.00011897336342882619,0.0004980341657522745,-3.860742134790243e-07
1542.0,8.237169517884789e-05,7.253647503139364e-05,-7.185906488907857e-05,0.00027503110655518526,6.144269143998318e-05
1544.0,1.0044709543571007e-05,9.624369073315265e-05,-4.43708097073454e-05,0.000131934171127288,7.599422854917746e-05
1546.0,-1.8475738724727797e-05,0.00014662905605447512,-6.781169680725113e-06,6.282198026787048e-05,1.1921706511920968e-06
1548.0,3.182344398340057e-05,0.00023665126051871329,0.00011957282048516734,-1.1460492046963441e-05,-6.197202597067857e-05
1550.0,9.431311560386809e-07,0.00032482122354957543,0.00015451543122059608,-7.970028565227027e-05,2.9577696782299856e-05
1552.0,-4.7704979253111463e-05,0.0003370928631196988,9.54497587040554e-05,-5.9661452245484365e-05,8.767621905353907e-05
1554.0,-5.518693623639187e-05,0.000324209266714229,5.399068517346128e-05,8.783123809849453e-05,8.16566863054892e-05
1556.0,-7.51183091286306e-05,0.0003653573153611708,4.290974852860587e-05,0.00017287369704715468,6.393764702959008e-05
1558.0,-0.0001213529289787429,0.00037732878888242284,-3.331711773409362e-05,0.0001654432756970548,-7.827928535668196e-06
1560.0,-2.9466804979253426e-05,0.0004480907673389231,-4.309429286480175e-05,2.731262098346862e-05,2.5812902286152423e-05
1562.0,0.00012445982374286566,0.0005846641206186917,6.902143408558208e-05,-4.72632647879801e-05,0.00011901011872915026
1564.0,0.0001946348547717853,0.0006459086993977992,0.00010744112693352717,-4.9340663812265e-05,0.00012790735740284437
1566.0,0.00011729325726141393,0.0006302572471410366,9.831586071092324e-05,-7.756706408219086e-05,0.00010376755519409683
1568.0,-4.028444790049161e-06,0.0006348156092480862,5.674390119242874e-05,2.428870558676311e-05,5.0141741072594986e-05
1570.0,-6.617417012448252e-05,0.0007663758381976248,4.238393984537645e-05,0.0001112766032403117,-2.989848679571191e-05
1572.0,0.00013296868843961816,0.0008313342309578202,0.00010236529798918312,8.388018721193873e-05,-7.5305237961520785e-06
1574.0,0.0004144834024896254,0.0009052547425347991,0.00013793127700978912,0.00014854819271176942,5.848828066836667e-06
1576.0,0.0005405344738206307,0.0010164186990335173,6.850936477825771e-05,0.000342860428469406,7.66516433990832e-06
1578.0,0.0005777899377593361,0.0010629470763655073,1.9293507591535603e-05,0.00037123333619278244,1.7745759870564593e-05
1580.0,0.0005889082426127526,0.0010832949699682438,5.3233212827381597e-05,0.0002934019293652962,1.3860948516427846e-05
1582.0,0.0006051784232365149,0.0010988408361057966,7.092000482370393e-05,0.0003002407454236482,-8.823644934812937e-06
1584.0,0.0006426127527216174,0.0011216973690727934,9.021986856541012e-05,0.0003898262291295859,1.2048104347039454e-06
1586.0,0.0006653526970954351,0.0011152238297196873,0.00012773998128307165,0.0003337718965464655,-9.430899727426905e-07
1588.0,0.0005517662001036875,0.0010995010340032175,8.472118679607998e-05,0.0002068327278374445,-3.126816593749182e-05
1590.0,0.0002544462655601756,0.0011195951110770498,3.517633492543759e-05,0.00017275492951800906,-1.9170423536510687e-05
1592.0,3.1608087091780375e-06,0.0010581863695772588,3.6570379391717766e-05,0.00012146398215945213,2.14037389736013e-06
1594.0,-4.889030082987563e-05,0.0010170946703454114,3.8894342561751986e-05,8.681991411929087e-05,4.088128604967171e-05
1596.0,-8.844199066873974e-05,0.0011194872109880826,1.9558006517979873e-05,6.590888993248181e-05,3.094282627866307e-05
1598.0,-6.710726141078734e-05,0.001195225438685379,-2.763175122134226e-05,2.563505164092393e-05,1.1187013508274492e-05
1600.0,0.0002138190254017644,0.0011937968223697003,-2.2701284112679243e-05,0.00011994132102549049,6.593251209065747e-05
1602.0,0.0005114709543568543,0.001165242340800395,8.165271863191556e-06,0.00025205905062243995,9.950783176119737e-05
1604.0,0.0006968133748056013,0.001224686525364037,-5.110170502339688e-06,0.00036926852377063474,0.000145868152384816
1606.0,0.0008691524896265491,0.001379861488750493,-4.86026879041911e-05,0.0005664252666332801,0.00027661211783003905
1608.0,0.001322589942975638,0.0014107480856856453,-5.6434044459533415e-05,0.0008179365587490606,0.00041490495817434744
1610.0,0.0018943153526970792,0.0014280661925794877,-0.00011756324969258936,0.0009832501673708134,0.000576293318602731
1612.0,0.002245163297045109,0.001614922630003311,-0.00012084705789108195,0.0011852113896020859,0.0007550335193713849
1614.0,0.0025102904564315307,0.0017202054397452355,-9.398587422929233e-05,0.0014643731511283665,0.0008427890080623186
1616.0,0.0027407620528771487,0.001761369272006364,-0.00013941515145506463,0.0017388603773548918,0.000883437114506368
1618.0,0.0032576192946058053,0.0019614605079507114,-3.869690566688095e-06,0.0019647894729116246,0.0009558973777794266
1620.0,0.0038983298755186436,0.002208132311737569,1.4304439376325774e-05,0.0021714536985824144,0.0010692980908658537
1622.0,0.004488900984966306,0.0021860546005641308,-4.127040525936591e-05,0.002516731788710399,0.0011818047319759966
1624.0,0.005063163900414922,0.002240298169855577,3.3637675699389465e-06,0.002869789201391903,0.0012931089251993198
1626.0,0.005607646448937284,0.0023605634518147596,1.4936269452084367e-05,0.003082170381198776,0.0013307517808408807
1628.0,0.006258589211618253,0.0024631684463737127,-6.982929317501604e-06,0.003220686886715037,0.001368107532055022
1630.0,0.006657091757387258,0.0025295235222301247,2.0544829455909032e-05,0.0034345015488867676,0.0015459746015544097
1632.0,0.007097334024896269,0.0025393493150083282,1.0182395754853586e-05,0.003793614012229316,0.001762750680731278
1634.0,0.007592581648522567,0.002599436271088215,-3.873624243684598e-05,0.0041652533146739066,0.0017998813565672628
1636.0,0.00799851659751037,0.0026603507988334513,-0.0001233138035943885,0.0044662700459482925,0.0019119103170701468
1638.0,0.008472534992223934,0.002690319175471938,-8.747311378111316e-05,0.004689925310929213,0.002115689040656663
1640.0,0.009276737551867219,0.002771057894067807,8.94066801104718e-06,0.004946568271240252,0.0022639872108556214
1642.0,0.010132488335925349,0.002877934949407495,6.941885686999189e-05,0.005313330152766846,0.0023123166417709003
1644.0,0.010768589211618261,0.0029121238522296046,4.6376428395917953e-05,0.005846212496539021,0.0023643806284733312
1646.0,0.011338553654743401,0.0029000171478955473,7.639848334159343e-05,0.006578451527744976,0.0025377575217164086
1648.0,0.012049024896265576,0.002894045479101495,0.00016805258575928753,0.007236931554238433,0.0026558487555730097
1650.0,0.012790103680663535,0.0029340500749679395,0.00014423965328184095,0.007866369262608381,0.002700634602803555
1652.0,0.013564159751037336,0.002995838097144366,3.967587395002025e-05,0.008641859516638279,0.002741298777127372
1654.0,0.01450926905132191,0.0030409653032708503,8.298229308073435e-05,0.009240684050253438,0.0028296441111526306
1656.0,0.01536476659751038,0.0030632265741754932,0.00020112841437592592,0.009600370822422506,0.003001035600296055
1658.0,0.016024624157594605,0.0031602602017958025,0.00016796942257486813,0.009954228185970837,0.0032142081055455485
1660.0,0.016574668049792546,0.003209483166067726,7.896397034381201e-05,0.010279205101964988,0.003362499202336794
1662.0,0.01690891135303266,0.0032750716575520532,9.806740817204137e-05,0.010361301052942397,0.0034809034802218658
1664.0,0.01699392116182573,0.003267737481284292,0.00019826893573839335,0.01013254639684241,0.0035947701178005646
1666.0,0.016867262830482115,0.003293586599002612,0.00026691873169811317,0.009792162147126238,0.003771454953902323
1668.0,0.016481120331950223,0.0034611123266260293,0.00015561812492986352,0.009292109568449097,0.003966835289677927
1670.0,0.01594170554691549,0.003649050525256541,9.636830484109068e-05,0.00856423108258722,0.0042340589561670715
1672.0,0.015421815352697111,0.0038520081729318933,0.00017120533056227141,0.007571362453336988,0.004470730408419612
1674.0,0.014809751037344374,0.004171816851123537,0.00013924385887389168,0.006445301496437059,0.004600045753212254
1676.0,0.014179813374805606,0.004375751380176132,7.97819008320619e-05,0.005354350764294376,0.004900583266131324
1678.0,0.013623158713692934,0.004527543294542626,8.512997223478602e-05,0.004271185891083954,0.005374917410559098
1680.0,0.01340433903576983,0.004752470005185958,-1.2120078530976817e-05,0.003334566745523062,0.0058079007119607295
1682.0,0.013457230290456425,0.005084235618606298,-3.2137673164424825e-05,0.0025487578402837757,0.0062795086103132345
1684.0,0.013687195438050805,0.005414615451718886,1.1461175325844076e-06,0.0019199297005763481,0.006850901157468632
1686.0,0.014248993775933598,0.005850851077251715,3.570071905242567e-05,0.0012824238567473837,0.007571951091451017
1688.0,0.01505411093831002,0.006275567788218089,9.665122274887847e-05,0.0008004777649326399,0.00842566364721635
1690.0,0.016092966804979257,0.006750787404390404,0.00012197579263521115,0.0005456564192944653,0.00927503698856825
1692.0,0.017276127527216207,0.007270277336772273,0.00012949739742187661,0.00039934996447213195,0.010113911798539871
1694.0,0.018641623443983433,0.0077093540989694245,9.985098242808717e-05,0.00022956082947753358,0.011031217068991234
1696.0,0.02007880248833598,0.00812319692197183,9.185209163032786e-05,0.00012661234915565397,0.012035625543045849
1698.0,0.021466898340248945,0.008593306318992305,7.857493082151628e-05,9.322595139150996e-05,0.013039220155766744
1700.0,0.02283564541213063,0.009105589129578826,3.5137269388741524e-05,4.786352428441264e-05,0.01386728797044751
1702.0,0.024053433609958503,0.009653489302617713,9.035349797936007e-05,-1.3598852053702827e-05,0.014452343202904366
1704.0,0.024710404354587875,0.010163093750812886,0.00016807628399543575,-5.0395097915383075e-06,0.014708697022538653
1706.0,0.024762282157676348,0.010563331443306335,0.00013109882420933765,1.9121546691002427e-05,0.014513406494532236
1708.0,0.024597195438050796,0.01091341787961016,2.662303200643282e-05,3.4421360341319196e-05,0.013961923016678425
1710.0,0.02425970954356846,0.01116250263976522,-9.075245636908304e-06,4.057158663766719e-05,0.01322523069623384
1712.0,0.023741441908713714,0.01135168107986052,5.4671763702914004e-05,-1.9297592299362475e-05,0.012354220394217843
1714.0,0.02301874027993779,0.01145844214690519,9.146772173080454e-05,-1.624403200973752e-06,0.011390722945166099
1716.0,0.022151835147744964,0.011510788108837683,0.00010880298907716341,7.689553695468466e-05,0.01048033892815576
1718.0,0.021404144190871353,0.011615916263508315,0.00012181330690950868,-1.3155778519560383e-05,0.009748701747566016
1720.0,0.020688376556016613,0.011465613869513749,6.179547009313563e-05,-0.0001343065133281829,0.00917017451156364
1722.0,0.019806749611197477,0.011151546194137094,-3.4390548698741057e-06,-0.00013692985642128227,0.008505780119166159
1724.0,0.01900073613271125,0.010990534279865145,-8.347675615624186e-06,-9.160725382645095e-05,0.007697259119891411
1726.0,0.018022463692946113,0.010717833732014624,-3.3068217842763823e-06,-8.642660275436284e-05,0.0070184296431124215
1728.0,0.016805541731467078,0.010257993825296016,1.0378136642733762e-05,-9.605708824520256e-05,0.00642333441471861
1730.0,0.015500606531881839,0.00979985939860743,-6.720772834164517e-05,-0.00011295393695951769,0.005843848318246357
1732.0,0.01449918568464728,0.00928940727134387,-0.00013707629420579498,2.7015886650246524e-05,0.005300645238698163
1734.0,0.013500933609958526,0.008611573152529169,-3.9864463575808976e-05,0.0001366762004544545,0.004742498244547955
1736.0,0.012275764644893696,0.007908241250484843,4.222410729214278e-05,6.040056688508861e-06,0.004150670820295325
1738.0,0.010935463970969443,0.007189070388655448,5.093774745840191e-05,-7.46684185951998e-05,0.0036186383587119945
1740.0,0.009551099585062294,0.006383995022622571,2.9797611110696453e-05,-7.299503618715557e-05,0.0031308226395296334
1742.0,0.008217095435684663,0.005545921825753123,-4.396556969671453e-05,-4.672243240882024e-05,0.0026128548058642655
1744.0,0.007032115085536577,0.004727064172345829,-7.758001665810354e-05,-6.983818385260841e-05,0.002173907998598799
1746.0,0.005952488335925347,0.004045751586921118,3.0451842173790775e-05,-9.793924017254846e-05,0.0019368588019050908
1748.0,0.004889221991701246,0.0034288860298280254,8.346085023131148e-05,-0.0001016290534199904,0.0016793226847137321
1750.0,0.003984906639004143,0.0028902485175890395,3.0307489048998122e-05,-8.338319694619176e-05,0.0013957624212789042
1752.0,0.0031807672369103075,0.0024004704197091377,-2.786614367292619e-06,-4.003442042083437e-05,0.0012030584149585564
1754.0,0.002470041493775922,0.0018636186047829811,2.8703577281346538e-05,1.5136561520295937e-05,0.0010918444170010626
1756.0,0.0019640746500777734,0.0013878383129714658,9.307770569932523e-05,2.7564045343314633e-05,0.0009299619635677291
1758.0,0.0016009543568464787,0.0010506593407299094,0.00011098979018893027,-2.427744136797438e-05,0.0007477334853892966
1760.0,0.0012251632970451095,0.0008187102844348476,7.547245665378878e-05,-2.2214559254077216e-05,0.0006203715905617877
1762.0,0.0008871680497925307,0.000633786654982857,7.708738844520257e-05,1.9069072653611924e-05,0.0005293672831729409
1764.0,0.0006510202177293955,0.00048422615643707497,0.00011019220175534883,2.348193829485829e-05,0.00044669411634773367
1766.0,0.00037765871369293993,0.0003916442441617974,5.6709473430452e-05,1.9588558940021833e-05,0.00037841057779719743
1768.0,9.929580093312554e-05,0.00027504566697517547,1.477280619980213e-05,8.303702088122268e-05,0.0002753529554344649
1770.0,4.332116182572627e-05,0.00020485801022021151,9.867241308283285e-05,0.00012305924782495312,0.0001842389043978224
1772.0,-4.358367029549127e-05,0.00010333448978558618,0.00013697018683399723,7.805899979830308e-05,0.00015123464838374002
1774.0,-0.00024181431535268795,2.8484203552908677e-05,5.899389997205747e-05,-1.9111653209010923e-05,0.00016129282997452343
1776.0,-0.00011248833592534724,8.954500508887067e-05,6.254386382206916e-05,-9.598819438939965e-06,7.83962336187085e-05
1778.0,0.0001942551867219814,0.0001331822548841617,0.00014613453111554954,4.976822740164876e-05,1.737788358442156e-05
1780.0,0.0002339564541213074,6.682042457014929e-05,0.0001326101526155968,8.713887794509308e-05,-6.610259076781432e-05
1782.0,5.262986003110728e-05,6.71845356468995e-05,6.5859590205533795e-06,3.986754427444466e-05,-0.00011549058526510478
1784.0,-0.00011448547717842553,5.6887139268021546e-05,-1.839261741297055e-05,-4.803286510595555e-05,-7.703354935527665e-06
1786.0,-0.00013600860549507738,-3.2507460135781696e-05,2.1399591202089752e-05,-2.382224566522418e-05,1.2742718547633258e-05
1788.0,6.367479253111647e-05,-9.40885986404425e-05,4.347085303780956e-05,2.8810264120367565e-05,-4.112577650194602e-06
1790.0,0.00010108942457231702,-0.00013862148512644876,5.5478554669324644e-05,6.219417059727277e-05,-1.7540298016177774e-05
1792.0,-9.238620331950085e-05,-9.784742502713576e-05,3.58978814217418e-05,0.00012468389448662683,-6.300606518751345e-05
1794.0,-0.00012376982892690457,-1.3207283609478149e-05,3.082004795865007e-05,5.5755842740047726e-05,-3.271657207041068e-05
1796.0,-9.324123443983401e-05,-1.4260444736870106e-05,8.591449191025364e-05,-2.1720079904120506e-05,6.842277196653676e-05
1798.0,-9.646956972524617e-05,-3.4785861778519605e-05,6.34086925422374e-05,-7.516288279785487e-05,6.9509750072515e-05
1800.0,-6.380082987551728e-05,-8.977970985337844e-05,1.3876490543242217e-05,-4.5683140236553106e-05,-3.0107825379372733e-05
1802.0,1.8550544323486326e-05,-7.342517302093399e-05,4.5655399994391093e-05,3.22868080865564e-05,-9.882574776685563e-06
1804.0,2.6644190871390834e-06,5.5752617936510084e-05,4.9804849821769365e-05,4.496435392868829e-05,5.0948027701764725e-05
1806.0,-5.935349922239536e-05,9.291653881333212e-05,-1.8558638995576634e-05,4.4750456733362756e-05,1.0957428200916484e-05
1808.0,-3.803195020746896e-05,6.652501538749879e-05,-6.187372089129781e-05,2.5663596551069168e-05,-6.773311902001406e-06
1810.0,2.1932089165375027e-06,0.00010793992958224954,-3.167908732331503e-05,-1.855745316866507e-05,3.642040602945685e-05
1812.0,-1.2648807053942293e-05,0.0001685827207781924,-7.827626800880911e-05,-7.304150853473974e-05,4.435465040155113e-05
1814.0,-5.08467599792643e-05,0.00012561817534168716,-0.00014806406966875232,-0.00013150449214545398,2.4437496092509473e-05
1816.0,-3.2291908713692353e-05,3.3902980874478654e-05,3.0241573954812074e-06,-7.556339732174505e-05,2.5729553684638313e-05
1818.0,-8.681041990668412e-05,-6.772801250722106e-05,0.00010318586639895094,-6.696172990397143e-06,5.426757000444985e-05
1820.0,-0.00011648029045643153,-3.9792776414955394e-05,1.0703709671135067e-05,3.256217713610126e-05,0.00010645376399814229
1822.0,-0.00014419803006739164,-3.540582741856582e-05,-2.849715042525035e-05,-4.6456286910961464e-05,0.0001486422368403741
1824.0,-0.00031404875518672526,-6.306914378960983e-05,-4.3845201957213815e-05,-4.3212088760482693e-05,0.00012055132177421166
1826.0,-0.00011495717988595439,7.606472044075337e-06,9.910718386182596e-07,5.072358843308777e-05,4.958958896587058e-05
1828.0,0.00014726633817428275,8.595066195600565e-05,-4.755727148723632e-05,0.00014563859520381307,-4.062393202426437e-05
1830.0,-6.105676516329712e-05,0.00011588104087886931,-6.274102255453578e-05,0.00018002885634260768,3.1218718338775146e-05
1832.0,-0.00011273402489626744,0.00014398828689734998,-3.457285200719557e-05,2.1635282704537882e-05,4.3650817452933886e-05
1834.0,-5.652980819077171e-05,0.00019094400897804944,-8.765946070422178e-05,-0.00013622488372381714,4.832084415852712e-05
1836.0,9.77965785380979e-05,0.00019779242471282342,-0.00011726539526269418,-7.826524571230242e-05,0.00015231299636641905
1838.0,0.00019792946058091063,0.00015270759235482727,6.723281151415161e-06,-7.76512329620955e-05,9.511744521266848e-05
1840.0,5.885588387766683e-05,4.236452045748007e-05,0.00012026022014942148,2.1515867873020404e-05,2.6528068559264183e-05
1842.0,-0.000343,6.030434816123866e-06,-3.2520939892106575e-05,6.590064569188501e-22,0.00011258296494545924
1844.0,-0.000343,6.030434816123866e-06,-3.2520939892106575e-05,6.590064569188501e-22,0.00011258296494545924
1846.0,-0.000343,6.030434816123866e-06,-3.2520939892106575e-05,6.590064569188501e-22,0.00011258296494545924
1848.0,-0.000343,6.030434816123866e-06,-3.2520939892106575e-05,6.590064569188501e-22,0.00011258296494545924
1850.0,-0.000343,6.030434816123866e-06,-3.2520939892106575e-05,6.590064569188501e-22,0.00011258296494545924
