Wavenumber,0.0252,0.0505,0.1009,0.2018,0.3027,0.4037,0.5046
850.4539,-2.01E-04,0,0,0,0,0,0
852.3823,-1.65E-04,1.44E-04,-4.80E-04,2.01E-04,1.02E-04,1.34E-04,-2.29E-04
854.3108,-1.23E-04,-3.18E-05,-4.33E-04,-2.78E-04,-3.98E-05,-2.68E-06,-2.67E-04
856.2393,-3.91E-04,-5.95E-05,9.72E-05,-1.41E-04,1.35E-04,3.29E-04,9.92E-05
858.1677,-5.46E-04,-2.19E-04,1.44E-04,2.64E-04,4.49E-04,9.98E-04,5.59E-04
860.0962,-5.84E-04,-2.13E-04,-3.64E-05,4.07E-04,5.21E-04,1.55E-03,9.67E-04
862.0247,-2.47E-04,3.12E-04,2.76E-04,6.36E-04,8.63E-04,1.37E-03,1.48E-03
863.9531,7.74E-05,4.19E-04,6.33E-04,9.85E-04,1.20E-03,1.36E-03,1.80E-03
865.8816,4.83E-05,3.16E-04,4.95E-04,1.08E-03,1.45E-03,1.72E-03,1.92E-03
867.8101,5.36E-05,4.17E-04,3.69E-04,8.81E-04,1.33E-03,1.94E-03,2.10E-03
869.7385,3.36E-04,2.23E-04,3.88E-04,9.78E-04,8.88E-04,1.83E-03,2.30E-03
871.667,1.66E-04,1.74E-04,4.78E-04,8.70E-04,7.30E-04,1.48E-03,1.89E-03
873.5955,-1.65E-04,3.74E-04,3.91E-04,5.71E-04,8.31E-04,1.19E-03,1.32E-03
875.5239,-1.95E-04,1.13E-04,1.46E-04,6.84E-04,6.82E-04,9.27E-04,1.05E-03
877.4524,-1.47E-04,-1.33E-04,1.81E-05,4.61E-04,5.45E-04,6.25E-04,7.67E-04
879.3809,-1.12E-04,-2.19E-04,1.61E-04,1.92E-05,2.61E-04,4.98E-04,4.13E-04
881.3093,1.05E-04,1.08E-04,9.89E-05,-1.26E-04,1.55E-04,6.60E-04,2.09E-04
883.2378,3.36E-04,3.01E-04,1.62E-05,1.57E-04,3.77E-04,3.45E-04,-9.93E-05
885.1663,3.64E-04,3.26E-04,-1.81E-04,2.70E-04,3.59E-04,2.72E-05,-3.87E-04
887.0947,3.48E-04,6.06E-04,-2.85E-04,4.09E-04,2.60E-04,8.56E-05,-3.23E-04
889.0232,2.65E-04,5.68E-04,1.26E-05,4.47E-04,1.71E-04,1.61E-04,-7.34E-06
890.9517,-9.01E-05,4.93E-04,2.31E-04,3.14E-04,1.43E-04,-7.78E-05,-4.70E-06
892.8801,-6.51E-05,4.47E-04,-9.25E-05,1.95E-04,1.28E-04,4.42E-05,2.72E-06
894.8085,2.40E-04,1.78E-04,-2.48E-04,1.36E-04,4.23E-05,2.90E-04,4.77E-05
896.737,1.85E-04,6.52E-05,1.94E-06,5.67E-05,2.24E-04,4.64E-04,1.05E-04
898.6655,-1.27E-04,2.16E-04,4.60E-04,5.70E-05,4.27E-04,5.47E-04,4.76E-05
900.5939,-1.50E-04,3.30E-06,4.32E-04,8.65E-05,4.57E-04,4.35E-04,-8.39E-05
902.5224,5.60E-06,-2.86E-04,1.31E-04,8.58E-05,4.41E-04,2.41E-04,-1.04E-04
904.4509,1.61E-04,1.92E-05,3.79E-05,-9.16E-05,3.67E-04,8.88E-05,5.25E-05
906.3793,9.87E-05,3.18E-04,-2.45E-04,-1.19E-04,3.22E-05,2.02E-04,1.20E-04
908.3078,-1.84E-05,2.65E-04,-2.12E-04,1.35E-04,-2.17E-05,4.99E-04,2.59E-04
910.2363,-2.40E-04,3.01E-04,6.80E-05,5.09E-04,2.58E-04,4.62E-04,4.90E-05
912.1647,-2.57E-04,4.12E-04,-1.26E-04,6.34E-04,3.16E-04,5.33E-04,-2.59E-05
914.0932,-1.95E-06,1.35E-04,-1.77E-04,4.91E-04,4.02E-04,7.57E-04,4.37E-04
916.0217,4.66E-05,2.98E-05,1.97E-04,4.05E-04,7.42E-04,9.60E-04,1.12E-03
917.9501,6.86E-06,5.23E-05,4.20E-04,3.83E-04,9.56E-04,9.90E-04,1.33E-03
919.8786,-9.28E-05,6.86E-05,2.95E-04,6.16E-04,7.89E-04,1.05E-03,1.33E-03
921.8071,-1.94E-04,1.81E-04,1.47E-04,7.27E-04,6.07E-04,1.05E-03,1.17E-03
923.7355,-8.79E-05,2.23E-04,2.73E-04,7.97E-04,5.58E-04,7.97E-04,8.97E-04
925.664,2.81E-05,1.17E-04,5.37E-04,5.62E-04,4.74E-04,7.38E-04,8.03E-04
927.5925,-8.73E-05,1.04E-04,4.25E-04,2.43E-04,2.75E-04,7.24E-04,6.47E-04
929.5209,-1.62E-05,1.61E-04,3.69E-04,4.09E-04,2.86E-04,5.25E-04,5.02E-04
931.4494,8.45E-05,5.69E-05,4.16E-04,3.66E-04,3.93E-04,5.05E-04,2.35E-04
933.3779,-9.97E-06,-1.27E-04,2.91E-04,1.96E-04,3.63E-04,3.31E-04,2.06E-04
935.3063,-1.51E-04,-9.95E-05,-1.52E-04,1.59E-04,1.27E-04,2.28E-04,4.52E-04
937.2348,-4.43E-05,1.85E-05,-1.64E-04,2.56E-04,-6.78E-06,2.55E-04,5.10E-04
939.1633,1.23E-04,1.69E-04,2.07E-04,2.03E-04,5.73E-05,4.02E-04,1.52E-04
941.0917,5.68E-05,2.08E-04,2.80E-04,1.27E-04,1.77E-04,3.34E-04,-9.59E-05
943.0202,-4.07E-05,2.43E-04,2.01E-04,-1.97E-05,1.90E-04,2.08E-04,-7.95E-05
944.9487,-1.22E-04,1.87E-04,1.65E-04,3.37E-05,-5.81E-05,1.62E-05,-4.59E-05
946.8771,-1.05E-04,6.79E-05,1.47E-04,6.80E-05,-1.48E-05,-1.69E-04,-5.76E-05
948.8056,-1.33E-04,2.07E-04,-5.85E-05,-1.31E-04,2.38E-04,-1.25E-04,-1.65E-04
950.7341,-9.22E-05,1.16E-04,-1.47E-04,-2.88E-05,3.66E-05,-7.78E-05,-1.34E-04
952.6625,5.94E-05,-2.99E-04,1.01E-04,1.58E-04,-1.45E-04,-5.47E-05,-3.86E-05
954.591,-8.57E-05,-4.27E-04,-3.05E-05,1.68E-04,-1.08E-04,1.38E-04,-5.36E-06
956.5195,9.89E-05,-2.20E-04,-5.41E-05,2.20E-04,1.26E-04,4.72E-04,5.02E-04
958.4479,3.19E-04,1.05E-04,2.69E-05,4.34E-04,4.08E-04,7.04E-04,0.00105
960.3764,2.48E-04,3.22E-04,2.47E-04,6.72E-04,7.69E-04,0.00131,0.00162
962.3049,1.98E-04,2.06E-04,4.33E-04,0.00116,0.00124,0.0021,0.00259
964.2333,1.46E-04,1.57E-04,6.42E-04,0.00171,0.0018,0.00298,0.00376
966.1618,2.56E-04,3.01E-04,0.00101,0.00194,0.00221,0.0036,0.00442
968.0903,4.02E-04,2.77E-04,0.00113,0.00172,0.00226,0.00348,0.0046
970.0187,2.84E-04,1.19E-04,8.59E-04,0.00144,0.00228,0.00309,0.00425
971.9472,3.38E-04,8.93E-06,5.95E-04,0.00139,0.00217,0.00304,0.00379
973.8757,4.27E-04,6.40E-05,5.29E-04,1.57E-03,0.00191,0.00334,0.00398
975.8041,4.66E-04,3.38E-04,7.90E-04,1.74E-03,0.00225,0.00378,0.00462
977.7326,3.22E-04,5.06E-04,1.13E-03,1.92E-03,0.00277,0.00436,0.00529
979.6611,4.11E-04,4.88E-04,1.15E-03,2.25E-03,0.00306,0.00482,0.00582
981.5895,5.99E-04,3.04E-04,1.19E-03,2.27E-03,0.00307,0.00448,0.00548
983.518,6.10E-04,2.59E-04,1.10E-03,2.05E-03,0.0028,0.0037,0.00461
985.4465,6.49E-04,3.36E-04,9.36E-04,0.00172,0.00217,0.003,0.00362
987.3749,3.74E-04,3.14E-04,9.17E-04,0.00121,0.00159,0.00244,0.0028
989.3034,1.25E-04,3.46E-04,7.77E-04,0.00106,0.00144,0.00222,0.00254
991.2319,8.28E-05,2.91E-04,4.90E-04,0.00106,0.0012,0.00217,0.00239
993.1603,2.24E-04,3.42E-04,2.95E-04,9.80E-04,0.00117,0.00205,0.00218
995.0888,3.62E-04,4.31E-04,3.69E-04,0.00115,0.00124,0.00201,0.00206
997.0173,2.09E-04,4.43E-04,4.16E-04,0.00125,8.88E-04,0.00212,0.00223
998.9457,9.92E-05,2.55E-04,4.13E-04,0.00122,9.04E-04,0.00221,0.00251
1000.874,8.46E-05,2.99E-04,6.65E-04,9.85E-04,0.00117,0.0023,0.0027
1002.803,2.70E-04,3.76E-04,9.14E-04,9.15E-04,0.00157,0.00247,0.00278
1004.731,2.69E-04,4.79E-04,8.91E-04,0.00137,0.00195,0.00278,0.00306
1006.66,3.70E-05,3.57E-04,7.87E-04,0.00165,0.00208,0.00297,0.00368
1008.588,1.09E-04,2.91E-04,8.92E-04,0.00175,0.00223,0.00334,0.00431
1010.517,1.86E-04,4.73E-04,0.00111,0.00202,0.00266,0.00406,0.00501
1012.445,3.77E-04,6.81E-04,0.00116,0.00235,0.0033,0.00474,0.00592
1014.373,6.69E-04,4.10E-04,0.00113,0.00257,0.00354,0.00497,0.00642
1016.302,7.68E-04,1.55E-04,0.00125,0.00265,0.00371,0.00506,0.0064
1018.23,6.79E-04,3.00E-04,0.00138,0.00267,0.00372,0.0051,0.00647
1020.159,5.92E-04,3.72E-04,0.00119,0.00266,0.00363,0.00527,0.00651
1022.087,6.31E-04,2.78E-04,0.00116,0.00268,0.00375,0.00551,0.00654
1024.016,5.93E-04,4.44E-04,0.00153,0.0028,0.00422,0.00572,0.00704
1025.944,5.76E-04,7.08E-04,0.00178,0.00305,0.00482,0.00634,0.00814
1027.873,7.00E-04,9.62E-04,0.00191,0.00349,0.00521,0.00724,0.00924
1029.801,8.38E-04,7.83E-04,0.00209,0.00402,0.00583,0.00823,0.01027
1031.73,9.25E-04,4.93E-04,0.00229,0.00449,0.00642,0.00927,0.01145
1033.658,7.92E-04,5.97E-04,0.00252,0.00498,0.00692,0.01007,0.01263
1035.587,7.22E-04,9.76E-04,0.00252,0.00528,0.00753,0.01045,0.01343
1037.515,8.22E-04,1.05E-03,0.0024,0.00547,0.00772,0.01063,0.01383
1039.444,1.04E-03,9.36E-04,2.42E-03,0.00566,0.00772,0.01105,0.01398
1041.372,1.06E-03,9.17E-04,2.61E-03,0.0059,0.00819,0.0115,0.0144
1043.301,6.89E-04,1.09E-03,2.85E-03,0.00612,0.00872,0.01201,0.01509
1045.229,5.34E-04,1.10E-03,3.11E-03,0.00634,0.00883,0.0128,0.01586
1047.157,8.48E-04,1.13E-03,3.48E-03,6.80E-03,0.00953,0.01359,0.01701
1049.086,1.13E-03,1.35E-03,3.69E-03,7.42E-03,0.01072,0.01449,0.01847
1051.014,1.14E-03,1.55E-03,3.96E-03,8.03E-03,0.01178,0.01589,0.02019
1052.943,1.14E-03,1.79E-03,4.40E-03,8.89E-03,0.01288,1.79E-02,0.02258
1054.871,1.13E-03,2.23E-03,4.82E-03,9.85E-03,0.01439,0.01999,0.02522
1056.8,1.31E-03,2.40E-03,5.24E-03,1.07E-02,0.01612,0.02203,0.02769
1058.728,1.52E-03,2.62E-03,5.66E-03,1.16E-02,0.01767,0.02386,0.03002
1060.657,1.63E-03,2.92E-03,6.06E-03,1.24E-02,0.01862,0.02529,0.03175
1062.585,1.70E-03,3.01E-03,6.40E-03,0.01304,0.01912,0.02602,0.03282
1064.514,1.62E-03,2.87E-03,6.65E-03,0.01325,0.0192,0.02606,0.0328
1066.442,1.41E-03,2.68E-03,6.49E-03,0.01289,0.01885,0.02539,0.03172
1068.371,1.26E-03,2.67E-03,6.11E-03,0.01223,0.01788,0.0242,0.02993
1070.299,1.35E-03,2.36E-03,5.74E-03,0.01122,0.01632,0.02253,0.02771
1072.228,1.32E-03,2.06E-03,5.22E-03,0.01012,0.01493,0.02035,0.02545
1074.156,1.15E-03,1.99E-03,4.75E-03,0.00929,0.01389,0.0187,0.02353
1076.084,1.04E-03,2.03E-03,4.37E-03,8.77E-03,0.01326,0.01773,0.02221
1078.013,1.15E-03,2.14E-03,4.17E-03,8.80E-03,0.01323,0.01749,0.02184
1079.941,1.18E-03,2.18E-03,4.27E-03,9.23E-03,1.34E-02,1.80E-02,0.02228
1081.87,1.11E-03,2.20E-03,4.61E-03,9.57E-03,1.39E-02,1.87E-02,0.02307
1083.798,1.19E-03,2.20E-03,4.79E-03,9.67E-03,1.42E-02,1.93E-02,2.34E-02
1085.727,9.99E-04,2.14E-03,4.69E-03,9.52E-03,1.40E-02,1.90E-02,2.31E-02
1087.655,8.88E-04,2.49E-03,4.60E-03,8.93E-03,1.33E-02,1.80E-02,2.20E-02
1089.584,7.20E-04,2.83E-03,4.55E-03,8.07E-03,1.22E-02,1.65E-02,1.99E-02
1091.512,8.20E-04,2.00E-03,3.78E-03,7.25E-03,1.07E-02,1.47E-02,1.78E-02
1093.441,9.46E-04,1.41E-03,3.26E-03,6.61E-03,9.53E-03,1.32E-02,1.60E-02
1095.369,7.89E-04,1.35E-03,3.04E-03,6.17E-03,8.72E-03,1.21E-02,1.48E-02
1097.298,7.76E-04,1.14E-03,2.84E-03,6.16E-03,8.30E-03,1.18E-02,1.45E-02
1099.226,7.30E-04,1.18E-03,2.93E-03,6.31E-03,8.43E-03,1.19E-02,1.46E-02
1101.155,5.49E-04,1.34E-03,3.03E-03,6.14E-03,8.71E-03,1.22E-02,1.50E-02
1103.083,4.85E-04,1.12E-03,2.89E-03,6.28E-03,8.77E-03,1.24E-02,1.53E-02
1105.011,4.48E-04,1.10E-03,2.77E-03,6.37E-03,8.74E-03,1.22E-02,1.50E-02
1106.94,5.43E-04,1.28E-03,2.69E-03,6.02E-03,8.27E-03,1.14E-02,1.42E-02
1108.868,6.04E-04,1.11E-03,2.56E-03,5.61E-03,7.49E-03,1.03E-02,1.30E-02
1110.797,5.03E-04,8.87E-04,2.35E-03,5.00E-03,6.78E-03,9.24E-03,1.14E-02
1112.725,4.83E-04,7.77E-04,2.06E-03,4.40E-03,5.99E-03,8.17E-03,1.00E-02
1114.654,4.55E-04,6.02E-04,1.74E-03,3.81E-03,5.31E-03,7.18E-03,9.11E-03
1116.582,2.98E-04,3.71E-04,1.53E-03,3.42E-03,4.83E-03,6.37E-03,8.34E-03
1118.511,1.26E-04,3.19E-04,1.49E-03,3.23E-03,4.52E-03,5.87E-03,7.63E-03
1120.439,1.65E-04,3.48E-04,1.43E-03,3.06E-03,4.25E-03,5.63E-03,7.08E-03
1122.368,1.64E-04,4.43E-04,1.20E-03,2.97E-03,3.99E-03,5.52E-03,6.83E-03
1124.296,2.46E-04,5.12E-04,1.26E-03,2.76E-03,3.88E-03,5.49E-03,6.58E-03
1126.225,3.83E-04,5.06E-04,1.43E-03,2.83E-03,3.82E-03,5.41E-03,6.52E-03
1128.153,3.69E-04,5.09E-04,1.26E-03,2.94E-03,3.84E-03,5.35E-03,6.70E-03
1130.082,3.70E-04,5.28E-04,1.20E-03,2.95E-03,4.01E-03,5.21E-03,6.78E-03
1132.01,3.91E-04,3.66E-04,1.26E-03,2.77E-03,4.10E-03,5.26E-03,6.73E-03
1133.938,3.12E-04,2.48E-04,1.32E-03,2.65E-03,3.96E-03,5.36E-03,6.70E-03
1135.867,1.98E-04,3.57E-04,1.50E-03,2.82E-03,3.90E-03,5.36E-03,6.92E-03
1137.795,1.86E-04,5.18E-04,1.46E-03,2.98E-03,4.01E-03,5.42E-03,7.01E-03
1139.724,3.28E-04,5.73E-04,1.50E-03,3.10E-03,4.01E-03,5.59E-03,6.99E-03
1141.652,4.65E-04,5.11E-04,1.49E-03,3.14E-03,4.09E-03,5.75E-03,6.95E-03
1143.581,3.90E-04,5.59E-04,1.28E-03,3.05E-03,4.12E-03,5.71E-03,7.08E-03
1145.509,3.91E-04,6.84E-04,1.30E-03,3.19E-03,4.18E-03,5.83E-03,7.34E-03
1147.438,3.87E-04,6.55E-04,1.40E-03,3.26E-03,4.42E-03,6.00E-03,7.47E-03
1149.366,4.05E-04,6.52E-04,1.29E-03,3.16E-03,4.51E-03,6.14E-03,7.48E-03
1151.295,4.48E-04,5.42E-04,1.13E-03,3.22E-03,4.55E-03,6.28E-03,7.86E-03
1153.223,5.34E-04,4.95E-04,1.23E-03,3.45E-03,4.76E-03,6.47E-03,8.29E-03
1155.152,5.36E-04,6.03E-04,1.51E-03,3.50E-03,4.86E-03,6.60E-03,8.36E-03
1157.08,4.99E-04,6.72E-04,1.74E-03,3.50E-03,4.97E-03,6.56E-03,8.24E-03
1159.009,4.13E-04,6.71E-04,1.68E-03,3.52E-03,4.98E-03,6.54E-03,8.29E-03
1160.937,4.11E-04,5.67E-04,1.49E-03,3.42E-03,4.79E-03,6.47E-03,8.09E-03
1162.865,3.32E-04,3.47E-04,1.38E-03,3.21E-03,4.45E-03,6.01E-03,7.49E-03
1164.794,3.63E-04,3.78E-04,1.28E-03,3.01E-03,4.04E-03,5.51E-03,7.04E-03
1166.722,4.18E-04,4.87E-04,1.18E-03,2.74E-03,3.52E-03,5.21E-03,6.52E-03
1168.651,2.87E-04,4.50E-04,1.00E-03,2.51E-03,3.14E-03,4.88E-03,6.00E-03
1170.579,1.36E-04,3.45E-04,8.64E-04,2.38E-03,3.05E-03,4.58E-03,0.00569
1172.508,1.93E-04,1.64E-04,8.11E-04,2.31E-03,3.06E-03,4.27E-03,0.00545
1174.436,3.51E-04,1.98E-04,8.65E-04,2.24E-03,3.10E-03,0.00415,0.00537
1176.365,2.90E-04,3.22E-04,9.06E-04,2.24E-03,3.10E-03,0.00414,0.00532
1178.293,2.68E-04,4.50E-04,8.52E-04,2.11E-03,0.00311,0.0041,0.00532
1180.222,2.51E-04,5.16E-04,7.83E-04,2.14E-03,0.00314,0.00408,0.00536
1182.15,1.33E-04,4.55E-04,7.86E-04,0.00222,0.00308,0.00413,0.00546
1184.079,1.11E-04,3.96E-04,8.07E-04,0.00227,0.00295,0.00417,0.00542
1186.007,1.26E-04,2.57E-04,9.57E-04,0.00216,0.0029,0.00397,0.00525
1187.936,1.93E-04,2.09E-04,9.99E-04,0.00193,0.00278,0.00376,0.00509
1189.864,2.00E-04,3.02E-04,8.54E-04,0.0019,0.00271,0.0036,0.00477
1191.792,1.35E-04,3.90E-04,7.02E-04,0.0018,0.00257,0.00335,0.00422
1193.721,1.19E-04,4.45E-04,6.55E-04,0.00173,0.00229,0.00308,0.00393
1195.649,2.10E-04,3.58E-04,6.97E-04,0.00158,0.00199,0.00285,0.00376
1197.578,1.07E-04,1.97E-04,6.16E-04,0.00135,0.00184,0.00271,0.00344
1199.506,7.62E-05,2.73E-04,4.22E-04,0.00126,0.00176,0.00251,0.00307
1201.435,9.88E-05,2.41E-04,4.23E-04,0.00121,0.00154,0.00224,0.00263
1203.363,-4.99E-05,4.47E-05,4.67E-04,0.00117,0.00135,0.00189,0.00234
1205.292,-8.70E-05,5.59E-05,3.37E-04,0.00119,0.00132,0.00167,0.00237
1207.22,3.88E-05,8.46E-05,1.06E-04,0.00107,0.00129,0.0017,0.00252
1209.149,1.22E-04,1.49E-04,1.17E-04,9.87E-04,0.0012,0.00184,0.00237
1211.077,-4.03E-05,1.62E-04,3.57E-04,0.001,0.00106,0.00185,0.00221
1213.006,-5.96E-05,7.54E-05,5.65E-04,0.00109,0.00124,0.00182,0.00235
1214.934,-2.85E-05,2.96E-05,5.29E-04,1.12E-03,0.00141,0.00192,0.00255
1216.863,-3.32E-08,8.58E-05,4.25E-04,1.15E-03,0.00149,0.00196,0.00267
1218.791,-4.30E-05,1.92E-04,4.20E-04,1.19E-03,1.54E-03,0.00195,0.00271
1220.719,-1.64E-04,2.37E-04,3.34E-04,1.24E-03,1.64E-03,0.0021,0.00285
1222.648,-1.36E-04,1.95E-04,3.75E-04,1.34E-03,1.71E-03,0.00229,0.00301
1224.576,-9.04E-06,2.52E-04,5.26E-04,1.41E-03,1.76E-03,0.00243,0.00319
1226.505,1.08E-04,2.85E-04,6.88E-04,1.46E-03,1.87E-03,2.61E-03,3.39E-03
1228.433,-6.76E-06,3.50E-04,7.32E-04,1.67E-03,2.00E-03,2.77E-03,3.59E-03
1230.362,-1.44E-04,3.55E-04,6.57E-04,1.75E-03,2.20E-03,2.92E-03,0.00378
1232.29,-6.51E-05,3.58E-04,6.90E-04,1.65E-03,2.38E-03,3.11E-03,4.01E-03
1234.219,1.33E-05,5.44E-04,7.30E-04,1.75E-03,2.42E-03,3.24E-03,4.31E-03
1236.147,9.19E-05,6.66E-04,8.11E-04,1.96E-03,2.59E-03,3.32E-03,0.00448
1238.076,1.76E-04,4.87E-04,8.94E-04,2.13E-03,2.82E-03,3.46E-03,0.00451
1240.004,7.80E-05,3.56E-04,8.90E-04,2.16E-03,2.83E-03,3.64E-03,0.00456
1241.933,2.63E-05,2.79E-04,9.29E-04,2.14E-03,2.71E-03,0.00388,0.00473
1243.861,1.74E-04,3.15E-04,9.68E-04,2.21E-03,2.71E-03,0.00395,0.00497
1245.79,1.95E-04,3.18E-04,9.35E-04,2.19E-03,0.00288,0.00387,0.00507
1247.718,9.83E-05,3.67E-04,9.00E-04,2.19E-03,2.97E-03,0.00393,0.00497
1249.646,1.36E-04,4.26E-04,8.71E-04,2.18E-03,2.88E-03,0.00399,0.00502
1251.575,2.27E-04,5.53E-04,9.76E-04,2.18E-03,2.81E-03,0.00403,0.00507
1253.503,2.88E-04,6.44E-04,9.53E-04,2.09E-03,2.84E-03,4.07E-03,0.00503
1255.432,3.13E-04,6.00E-04,9.56E-04,2.11E-03,2.95E-03,4.11E-03,0.00498
1257.36,2.94E-04,4.60E-04,9.23E-04,2.29E-03,2.99E-03,4.07E-03,0.0049
1259.289,2.52E-04,5.39E-04,9.07E-04,2.38E-03,2.91E-03,3.98E-03,0.00486
1261.217,2.14E-04,7.63E-04,8.73E-04,2.33E-03,2.80E-03,3.85E-03,0.0049
1263.146,1.59E-04,6.59E-04,7.93E-04,2.20E-03,2.72E-03,3.81E-03,4.83E-03
1265.074,5.93E-05,3.86E-04,6.84E-04,2.00E-03,2.69E-03,0.00384,4.65E-03
1267.003,1.29E-04,3.61E-04,6.66E-04,1.94E-03,2.59E-03,3.64E-03,4.45E-03
1268.931,2.49E-04,4.20E-04,6.74E-04,1.81E-03,2.46E-03,3.38E-03,0.0042
1270.86,1.78E-04,4.53E-04,6.63E-04,1.57E-03,2.34E-03,2.99E-03,0.00402
1272.788,1.17E-04,4.83E-04,6.62E-04,1.55E-03,2.23E-03,0.0028,0.00377
1274.717,1.50E-04,3.60E-04,7.03E-04,1.57E-03,0.00202,0.00268,0.00349
1276.645,1.37E-04,2.74E-04,6.01E-04,1.47E-03,0.00185,0.00247,0.00322
1278.573,2.01E-04,2.94E-04,5.58E-04,1.36E-03,0.00175,0.00238,0.0032
1280.502,1.79E-04,3.02E-04,5.90E-04,0.00137,0.00169,0.00239,0.00318
1282.43,1.22E-04,2.87E-04,5.86E-04,0.00129,0.00181,0.0024,0.00301
1284.359,1.22E-04,1.78E-04,4.41E-04,0.00119,0.0018,0.00236,0.00286
1286.287,6.50E-05,2.67E-04,4.12E-04,0.00122,0.0016,0.00229,0.00292
1288.216,1.22E-05,3.53E-04,5.08E-04,0.0013,0.00156,0.00223,0.0031
1290.144,5.16E-05,2.49E-04,5.83E-04,0.00137,0.00167,0.00228,0.00308
1292.073,-8.99E-05,1.73E-04,6.08E-04,0.00141,0.00176,0.00239,0.00294
1294.001,-1.03E-04,2.57E-04,4.64E-04,0.00139,0.00175,0.00242,0.00291
1295.93,5.76E-05,3.26E-04,2.88E-04,1.37E-03,0.00175,0.00244,0.00291
1297.858,2.06E-04,3.20E-04,3.72E-04,1.41E-03,0.00176,0.0025,0.00303
1299.787,2.50E-04,2.79E-04,5.51E-04,1.47E-03,1.77E-03,0.0025,0.00316
1301.715,2.05E-04,2.41E-04,5.78E-04,1.48E-03,1.90E-03,2.37E-03,0.0031
1303.644,1.75E-04,2.76E-04,6.66E-04,1.53E-03,1.90E-03,2.31E-03,3.10E-03
1305.572,1.47E-04,2.79E-04,6.95E-04,1.43E-03,1.81E-03,2.40E-03,3.21E-03
1307.5,6.86E-05,2.09E-04,7.33E-04,1.39E-03,1.75E-03,2.53E-03,3.21E-03
1309.429,-2.95E-06,2.73E-04,8.82E-04,1.50E-03,1.82E-03,2.64E-03,3.23E-03
1311.357,-5.30E-06,3.63E-04,8.56E-04,1.53E-03,1.93E-03,2.64E-03,3.36E-03
1313.286,-3.43E-05,2.52E-04,7.36E-04,1.45E-03,2.05E-03,2.61E-03,3.43E-03
1315.214,-5.15E-05,1.33E-04,6.56E-04,1.36E-03,2.07E-03,2.71E-03,3.43E-03
1317.143,1.55E-05,2.12E-04,5.80E-04,1.31E-03,2.03E-03,2.76E-03,3.41E-03
1319.071,1.26E-04,2.22E-04,5.12E-04,1.45E-03,2.02E-03,2.77E-03,0.00339
1321,1.42E-04,2.68E-04,5.48E-04,1.70E-03,2.16E-03,2.93E-03,0.0035
1322.928,1.27E-04,4.18E-04,6.38E-04,1.79E-03,2.36E-03,3.10E-03,0.00371
1324.857,1.26E-04,4.29E-04,7.94E-04,1.76E-03,2.38E-03,3.13E-03,0.00403
1326.785,2.19E-04,3.88E-04,8.72E-04,1.71E-03,2.45E-03,3.26E-03,0.0042
1328.714,1.59E-04,3.71E-04,8.29E-04,1.81E-03,2.66E-03,0.00344,0.00438
1330.642,1.55E-04,4.01E-04,8.90E-04,2.00E-03,2.78E-03,0.00353,0.00453
1332.571,1.87E-04,3.70E-04,1.01E-03,2.03E-03,2.91E-03,0.00375,0.00471
1334.499,1.51E-04,3.77E-04,9.63E-04,2.21E-03,0.00296,0.00389,0.00493
1336.427,2.70E-04,4.36E-04,9.53E-04,0.00229,0.00298,0.00404,0.00505
1338.356,3.59E-04,5.32E-04,1.10E-03,0.00217,0.00324,0.00437,0.00525
1340.284,2.37E-04,6.11E-04,1.14E-03,0.0022,0.00338,0.00448,0.00555
1342.213,1.95E-04,5.65E-04,1.16E-03,0.00238,0.00338,0.0045,0.00579
1344.141,1.69E-04,5.61E-04,1.14E-03,0.00247,0.00342,0.00464,0.00584
1346.07,2.06E-04,4.87E-04,1.10E-03,2.49E-03,0.00351,0.00472,0.00584
1347.998,2.00E-04,3.65E-04,1.04E-03,2.58E-03,0.00345,0.00454,0.0057
1349.927,2.12E-04,3.49E-04,1.01E-03,2.50E-03,0.00331,0.0043,0.00545
1351.855,2.10E-04,3.88E-04,9.41E-04,2.39E-03,0.00317,0.00409,0.00524
1353.784,1.72E-04,3.98E-04,8.82E-04,2.20E-03,0.00309,0.004,0.00499
1355.712,1.79E-04,4.18E-04,9.37E-04,0.00201,0.00308,0.00388,0.00488
1357.641,1.89E-04,3.89E-04,9.54E-04,0.00198,0.00294,0.00381,0.00472
1359.569,1.61E-04,4.01E-04,8.60E-04,0.00206,0.00276,0.00388,0.0046
1361.498,1.17E-04,4.44E-04,7.26E-04,1.99E-03,0.00261,0.00377,0.00454
1363.426,3.99E-05,3.85E-04,7.25E-04,1.91E-03,0.00263,0.00364,0.00439
1365.354,9.75E-05,4.31E-04,8.33E-04,0.00191,0.00259,0.00357,0.00439
1367.283,1.28E-04,3.68E-04,8.57E-04,0.00188,0.00252,0.00348,0.00455
1369.211,1.56E-04,3.64E-04,7.89E-04,0.00184,0.00256,0.00341,0.00449
1371.14,1.39E-04,3.73E-04,8.77E-04,0.00186,0.00261,0.00337,0.00442
1373.068,1.44E-04,1.85E-04,1.02E-03,0.00184,0.00269,0.00347,0.00446
1374.997,8.12E-05,2.70E-04,9.58E-04,0.00186,0.00272,0.00357,0.00448
1376.925,1.38E-04,4.60E-04,8.48E-04,0.00188,0.00275,0.00349,0.00451
1378.854,1.95E-04,4.85E-04,8.49E-04,1.84E-03,0.00286,0.00338,0.00445
1380.782,2.03E-04,5.19E-04,8.83E-04,1.83E-03,0.00288,0.00339,0.00443
1382.711,1.10E-04,5.09E-04,8.49E-04,1.83E-03,0.00281,0.00343,0.00445
1384.639,2.66E-05,4.68E-04,7.27E-04,1.90E-03,0.00283,0.00349,0.00457
1386.568,6.59E-05,4.50E-04,7.84E-04,1.93E-03,0.00282,0.00366,0.00469
1388.496,1.13E-04,3.50E-04,8.65E-04,1.94E-03,0.00282,0.00379,0.00478
1390.424,1.29E-04,4.20E-04,9.51E-04,2.06E-03,0.00295,0.00381,0.00484
1392.353,1.17E-04,4.47E-04,1.05E-03,0.00209,0.00308,0.0038,0.00496
1394.281,1.44E-04,3.89E-04,9.67E-04,0.00202,0.00314,0.00388,0.00523
1396.21,2.13E-04,3.83E-04,1.10E-03,0.0021,0.00328,0.00414,0.00545
1398.138,2.43E-04,4.62E-04,0.00118,0.00219,0.00348,0.00434,0.0055
1400.067,1.97E-04,6.25E-04,0.00121,0.00237,0.00364,0.00454,0.0056
1401.995,1.65E-04,6.91E-04,0.00119,0.00251,0.00372,0.0047,0.00582
1403.924,1.11E-04,5.82E-04,0.00119,0.00243,0.00369,0.00482,0.00612
1405.852,1.50E-04,5.16E-04,1.31E-03,0.00243,0.0037,0.00488,0.00634
1407.781,2.02E-04,5.42E-04,1.46E-03,0.00247,0.00378,0.00502,0.0064
1409.709,2.32E-04,5.53E-04,1.33E-03,0.00253,0.00391,0.00517,0.00643
1411.638,2.90E-04,5.88E-04,1.28E-03,0.0027,0.00398,0.00516,0.00643
1413.566,3.08E-04,5.59E-04,1.38E-03,2.84E-03,0.00406,0.00523,0.00646
1415.495,2.67E-04,5.87E-04,1.40E-03,2.86E-03,0.00412,0.00534,0.00649
1417.423,2.33E-04,6.40E-04,1.33E-03,2.73E-03,0.00415,0.00511,0.00644
1419.351,2.04E-04,5.92E-04,1.22E-03,2.61E-03,0.0041,0.00499,0.00636
1421.28,1.43E-04,6.06E-04,1.23E-03,2.59E-03,0.00411,0.00521,0.00647
1423.208,3.80E-05,6.42E-04,1.28E-03,2.63E-03,0.004,0.0053,0.00643
1425.137,1.76E-04,6.19E-04,1.32E-03,2.57E-03,0.0038,0.00517,0.00634
1427.065,1.80E-04,5.47E-04,1.24E-03,2.55E-03,0.00387,0.00511,0.00627
1428.994,5.76E-05,5.22E-04,1.17E-03,2.57E-03,0.00392,0.00498,0.00625
1430.922,9.07E-05,5.22E-04,1.24E-03,2.61E-03,0.0037,0.00482,0.00627
1432.851,1.61E-04,5.50E-04,1.23E-03,2.65E-03,0.00365,0.00473,0.00622
1434.779,8.16E-05,5.58E-04,1.15E-03,2.50E-03,0.00364,0.00464,0.00601
1436.708,8.84E-05,4.32E-04,1.07E-03,2.43E-03,0.00351,0.0045,0.00582
1438.636,2.25E-04,3.92E-04,1.10E-03,2.43E-03,3.44E-03,0.00454,0.00586
1440.565,1.62E-04,4.18E-04,1.24E-03,2.33E-03,3.39E-03,0.00453,0.00575
1442.493,1.81E-04,4.49E-04,1.21E-03,2.25E-03,3.32E-03,0.00439,0.00554
1444.422,2.38E-04,4.44E-04,1.08E-03,2.17E-03,3.21E-03,0.00426,0.00541
1446.35,7.95E-05,4.58E-04,9.44E-04,2.05E-03,3.09E-03,0.00421,0.00522
1448.278,-2.02E-05,5.06E-04,9.60E-04,2.02E-03,0.00314,0.00412,0.00522
1450.207,-6.87E-05,5.46E-04,1.09E-03,2.03E-03,3.14E-03,0.00418,0.00534
1452.135,3.33E-05,6.61E-04,1.22E-03,2.14E-03,3.10E-03,0.0043,0.00544
1454.064,8.14E-05,6.17E-04,1.21E-03,2.26E-03,3.28E-03,0.00427,0.00547
1455.992,-5.14E-05,4.81E-04,1.11E-03,2.22E-03,3.27E-03,0.00407,0.00518
1457.921,2.89E-05,4.16E-04,1.05E-03,2.15E-03,3.17E-03,0.00402,0.00494
1459.849,1.36E-04,4.20E-04,9.34E-04,1.99E-03,3.06E-03,3.96E-03,0.00485
1461.778,1.55E-04,5.13E-04,7.58E-04,1.80E-03,2.78E-03,3.62E-03,4.56E-03
1463.706,9.82E-05,3.92E-04,6.57E-04,1.69E-03,2.44E-03,3.12E-03,4.01E-03
1465.635,1.13E-04,2.01E-04,6.54E-04,1.54E-03,2.19E-03,2.66E-03,3.39E-03
1467.563,8.69E-05,1.96E-04,6.37E-04,1.29E-03,1.97E-03,2.39E-03,2.97E-03
1469.492,1.41E-05,1.83E-04,5.77E-04,9.83E-04,1.63E-03,2.13E-03,2.63E-03
1471.42,-2.74E-05,4.07E-05,5.00E-04,8.73E-04,1.29E-03,1.70E-03,2.28E-03
1473.349,-5.60E-05,5.94E-05,3.64E-04,8.46E-04,1.12E-03,1.37E-03,1.89E-03
1475.277,-9.70E-05,2.06E-04,3.80E-04,7.85E-04,1.04E-03,1.37E-03,1.60E-03
1477.205,-7.89E-05,2.31E-04,3.57E-04,7.62E-04,9.97E-04,1.27E-03,1.48E-03
1479.134,4.89E-05,1.39E-04,3.15E-04,7.05E-04,9.40E-04,1.06E-03,1.50E-03
1481.062,1.13E-04,1.02E-04,2.90E-04,5.85E-04,8.28E-04,9.71E-04,1.26E-03
1482.991,-1.05E-05,1.73E-04,2.55E-04,5.75E-04,7.08E-04,9.03E-04,1.09E-03
1484.919,-6.90E-05,2.19E-04,2.40E-04,4.82E-04,6.55E-04,6.91E-04,1.03E-03
1486.848,-4.39E-05,8.23E-05,1.80E-04,3.51E-04,4.85E-04,5.48E-04,9.49E-04
1488.776,4.32E-05,-4.00E-05,1.32E-04,3.79E-04,4.42E-04,4.34E-04,7.22E-04
1490.705,-9.06E-05,5.73E-05,1.71E-04,4.54E-04,4.03E-04,2.96E-04,6.19E-04
1492.633,-1.54E-04,6.16E-05,2.20E-04,3.96E-04,4.14E-04,3.53E-04,7.11E-04
1494.562,-6.25E-05,2.25E-06,2.30E-04,2.36E-04,3.55E-04,3.41E-04,6.27E-04
1496.49,-1.03E-04,-2.95E-06,1.90E-04,1.64E-04,2.83E-04,1.94E-04,4.22E-04
1498.419,-1.97E-04,1.43E-04,1.78E-04,1.87E-04,2.21E-04,2.02E-04,3.24E-04
1500.347,-1.21E-04,1.59E-04,2.13E-04,1.69E-04,1.73E-04,1.62E-04,3.05E-04
1502.276,-4.85E-05,1.21E-04,1.53E-04,1.43E-04,2.63E-04,9.57E-05,2.49E-04
1504.204,-5.02E-05,4.78E-05,-5.41E-05,-1.17E-05,1.91E-04,-1.10E-04,8.48E-05
1506.132,-1.21E-04,3.42E-05,-2.38E-04,-1.26E-04,1.48E-05,-2.99E-04,-1.70E-04
1508.061,-1.80E-04,2.53E-07,-1.41E-04,3.10E-05,9.95E-06,-1.18E-04,-1.07E-04
1509.989,-1.98E-04,4.40E-06,2.29E-05,1.47E-04,5.44E-05,1.30E-04,4.39E-05
1511.918,-1.75E-04,-2.16E-05,7.86E-05,1.69E-04,1.56E-05,2.05E-04,1.55E-04
1513.846,-1.02E-04,-1.54E-05,1.25E-04,5.02E-05,-9.48E-06,2.28E-04,3.06E-04
1515.775,-8.68E-05,-4.65E-06,6.21E-05,-4.83E-05,-4.72E-05,1.10E-04,1.99E-04
1517.703,-7.31E-05,2.77E-05,-4.76E-05,5.09E-05,-1.94E-05,-2.01E-05,1.09E-04
1519.632,-5.61E-05,-5.44E-05,-1.10E-05,7.79E-05,2.54E-05,-1.05E-04,-2.83E-05
1521.56,-5.59E-05,-9.56E-05,-1.94E-05,2.89E-05,-1.87E-05,-1.80E-04,-1.60E-04
1523.489,-3.44E-06,-8.45E-06,-6.23E-05,8.67E-05,-8.39E-05,-2.92E-06,-2.63E-05
1525.417,-7.55E-05,9.09E-06,-1.06E-04,-2.56E-05,-7.47E-05,8.68E-05,1.35E-04
1527.346,-5.39E-05,-4.97E-06,-1.38E-04,1.48E-06,-5.13E-05,1.63E-04,2.48E-04
1529.274,4.09E-05,3.14E-05,-1.37E-04,8.53E-05,4.65E-05,2.71E-04,2.10E-04
1531.203,1.03E-04,3.88E-05,-6.93E-05,1.20E-04,8.31E-05,2.06E-04,1.80E-04
1533.131,4.20E-05,6.95E-05,-1.92E-05,1.01E-04,8.49E-06,9.35E-05,1.40E-04
1535.059,-1.02E-05,8.10E-05,3.96E-05,9.97E-05,1.05E-04,1.88E-04,1.80E-04
1536.988,-1.16E-04,-2.06E-05,-6.38E-06,5.73E-05,6.16E-05,1.46E-04,1.16E-04
1538.916,-2.68E-04,-1.00E-04,-1.58E-04,-4.70E-05,-1.01E-04,-3.55E-05,-1.92E-04
1540.845,-7.17E-05,-3.64E-05,-2.14E-04,-1.58E-05,-3.00E-05,-2.20E-05,-2.57E-04
1542.773,5.82E-05,4.49E-05,-7.17E-05,4.53E-05,-8.87E-06,9.81E-05,-9.13E-05
1544.702,-9.15E-05,4.08E-06,-3.91E-05,8.14E-06,-7.09E-05,1.85E-04,3.76E-05
1546.63,-1.05E-04,4.02E-05,-4.03E-06,5.95E-05,5.67E-07,1.52E-04,6.69E-05
1548.559,1.56E-06,4.06E-05,1.05E-04,2.33E-04,6.57E-05,6.47E-05,5.66E-05
1550.487,5.23E-05,1.04E-04,8.14E-05,2.38E-04,3.77E-05,1.31E-04,1.48E-04
1552.416,-5.84E-05,2.45E-04,5.59E-05,7.35E-05,-3.75E-05,2.12E-04,2.67E-04
1554.344,-2.06E-04,2.66E-04,8.20E-05,-6.65E-05,-6.13E-05,1.56E-04,2.46E-04
1556.273,-1.57E-04,1.25E-04,7.03E-05,-4.78E-05,-1.46E-04,-1.88E-05,1.03E-04
1558.201,-7.94E-05,4.73E-05,-8.77E-05,-3.73E-05,-2.64E-04,-2.15E-04,-2.69E-04
1560.13,-9.51E-05,4.40E-05,-1.27E-04,-9.28E-06,-1.12E-04,-1.24E-04,-1.33E-04
1562.058,-1.41E-04,3.51E-05,1.20E-05,6.43E-05,9.21E-05,3.80E-05,2.94E-04
1563.986,-1.47E-04,2.89E-05,6.56E-05,9.53E-05,1.37E-04,7.04E-05,2.73E-04
1565.915,-1.54E-04,-1.15E-05,5.53E-05,1.59E-04,8.79E-05,1.54E-04,2.14E-04
1567.843,-1.74E-04,4.70E-05,1.86E-05,1.13E-04,-4.36E-05,1.35E-04,1.15E-04
1569.772,-1.25E-04,1.86E-04,-3.75E-05,4.72E-05,-4.53E-05,3.00E-05,-9.22E-06
1571.7,-6.95E-05,2.25E-04,-5.35E-05,1.12E-04,6.02E-05,-3.61E-05,1.19E-04
1573.629,-1.45E-04,1.27E-04,6.53E-05,1.29E-04,-5.70E-05,-1.01E-04,1.44E-04
1575.557,-2.77E-04,4.13E-05,4.98E-05,4.95E-05,-1.85E-04,-1.78E-04,-1.19E-04
1577.486,-2.03E-04,1.74E-04,-8.55E-05,4.38E-06,-6.34E-05,-6.34E-05,-6.00E-05
1579.414,-1.71E-04,3.38E-04,-7.59E-05,2.32E-05,4.00E-05,4.07E-05,2.78E-05
1581.343,-2.92E-04,2.93E-04,-1.67E-05,3.80E-05,8.73E-05,1.01E-04,7.78E-05
1583.271,-1.72E-04,2.44E-04,5.31E-06,4.76E-05,3.05E-05,1.19E-04,8.77E-05
1585.2,-5.64E-05,1.69E-04,4.67E-05,2.05E-04,-1.30E-04,5.87E-05,5.27E-05
1587.128,3.32E-08,1.37E-04,1.42E-05,2.34E-04,-1.24E-04,8.83E-05,1.17E-04
1589.057,2.76E-05,1.17E-04,2.42E-05,7.42E-05,-3.60E-05,1.37E-04,1.11E-04
1590.985,-3.78E-05,3.31E-05,1.80E-05,7.67E-05,-2.74E-05,1.35E-04,8.52E-05
1592.913,-8.23E-05,-2.99E-05,3.78E-06,1.18E-04,-1.19E-04,2.55E-05,2.05E-05
1594.842,-5.46E-05,-3.99E-05,6.22E-05,5.15E-05,-2.21E-05,4.27E-05,-6.30E-05
1596.77,-5.95E-05,4.57E-05,6.85E-05,-7.53E-06,-1.44E-05,9.70E-05,-1.53E-04
1598.699,-1.46E-04,1.46E-04,-5.04E-05,2.24E-05,-1.39E-04,2.15E-04,-2.17E-04
1600.627,-2.13E-04,6.41E-05,8.90E-06,6.94E-05,-1.27E-04,2.50E-04,-1.54E-04
1602.556,-1.02E-04,1.72E-05,6.51E-07,4.92E-05,-5.12E-05,6.74E-05,4.60E-06
1604.484,2.16E-05,1.72E-04,-1.32E-04,2.81E-05,-9.98E-05,-5.74E-05,6.79E-05
1606.413,-1.04E-05,2.41E-04,-2.19E-04,-3.39E-05,-1.06E-04,-8.11E-05,1.41E-04
1608.341,-2.02E-05,2.41E-04,-2.17E-04,2.85E-05,-8.87E-05,9.15E-05,2.22E-04
1610.27,-4.01E-06,8.53E-05,-1.51E-04,2.92E-06,-1.07E-04,3.32E-04,6.72E-05
1612.198,1.15E-05,-1.88E-05,-1.02E-04,-1.61E-05,-3.58E-05,2.58E-04,-5.60E-05
1614.127,-1.10E-04,-7.52E-05,-9.86E-06,-1.18E-04,-6.79E-05,7.44E-05,-7.37E-05
1616.055,-2.42E-04,2.01E-06,1.12E-05,-2.34E-04,-4.20E-04,1.17E-06,-2.33E-04
1617.984,-1.50E-04,1.84E-04,6.39E-06,6.81E-06,-3.97E-04,4.71E-05,-1.34E-04
1619.912,-9.01E-05,1.09E-04,-1.46E-05,1.52E-05,-2.22E-04,-2.35E-05,8.07E-05
1621.84,-1.62E-04,-8.12E-05,-3.34E-05,-4.40E-05,-2.91E-04,-1.03E-04,-2.17E-05
1623.769,-1.35E-04,3.42E-05,-3.54E-05,4.31E-05,-2.58E-04,-6.08E-05,-1.19E-04
1625.697,-4.49E-05,1.03E-04,-1.85E-05,7.56E-05,-1.88E-04,3.29E-05,-7.19E-05
1627.626,-1.42E-04,2.65E-05,-3.25E-05,4.40E-05,-1.93E-04,7.59E-05,-2.39E-05
1629.554,-2.48E-04,-1.02E-04,-3.88E-05,7.68E-05,-2.11E-04,-7.06E-05,1.30E-04
1631.483,-1.81E-04,-1.95E-04,-4.31E-05,9.11E-05,-1.22E-04,-6.60E-05,1.53E-04
1633.411,-1.54E-04,-2.76E-05,-2.02E-04,1.33E-04,-6.23E-05,-1.27E-04,6.16E-05
1635.34,-7.88E-05,1.33E-04,-4.02E-04,1.56E-05,-2.11E-04,-2.42E-04,-3.66E-05
1637.268,-4.68E-05,1.10E-04,-2.84E-04,-2.96E-06,-2.42E-04,-2.62E-05,8.11E-05
1639.197,-2.30E-05,1.23E-04,-1.73E-04,1.33E-04,-1.39E-04,1.86E-04,2.29E-04
1641.125,4.29E-05,1.68E-04,-7.53E-05,2.25E-04,-1.54E-04,2.01E-04,3.02E-04
1643.054,-3.33E-05,1.31E-04,3.29E-05,7.08E-05,-1.41E-04,-2.25E-05,1.44E-04
1644.982,-1.79E-04,1.31E-04,-2.28E-05,-6.58E-05,-6.25E-05,-1.65E-04,-1.11E-04
1646.911,-2.61E-04,2.32E-04,2.36E-05,8.14E-05,3.37E-06,-1.29E-04,-6.53E-05
1648.839,-1.64E-04,2.80E-04,1.35E-04,1.33E-04,8.04E-05,2.21E-05,9.69E-05
1650.767,-2.83E-04,2.01E-04,9.22E-05,1.18E-05,-2.30E-05,-8.01E-05,-1.32E-04
1652.696,-4.46E-04,1.15E-04,-1.57E-04,-2.67E-05,-1.57E-04,-3.81E-04,-4.38E-04
1654.624,-2.65E-04,7.00E-05,-7.53E-05,1.78E-04,2.54E-05,-1.93E-04,1.47E-05
1656.553,-2.60E-05,4.58E-05,4.16E-05,3.88E-04,1.63E-04,8.38E-05,3.34E-04
1658.481,5.73E-05,9.95E-06,-5.79E-05,4.24E-04,9.17E-05,2.45E-04,2.70E-04
1660.41,-3.46E-05,1.97E-05,-1.15E-04,2.51E-04,1.64E-04,1.82E-04,2.01E-04
1662.338,-1.08E-04,-3.53E-05,6.02E-05,1.19E-04,1.23E-04,-1.59E-05,9.15E-05
1664.267,4.74E-06,-1.14E-05,3.09E-04,1.36E-04,1.30E-04,4.28E-05,4.72E-05
1666.195,6.95E-05,1.07E-04,3.00E-04,1.86E-04,2.41E-04,2.79E-06,1.38E-04
1668.124,-4.83E-05,9.51E-05,1.07E-04,5.97E-05,2.40E-04,-1.14E-04,6.55E-05
1670.052,-1.64E-04,8.23E-05,3.20E-05,3.03E-05,1.17E-04,-9.32E-05,1.46E-04
1671.981,-2.25E-04,8.29E-05,1.37E-04,1.15E-04,3.69E-05,-1.11E-05,2.38E-04
1673.909,-1.63E-04,6.35E-07,1.40E-04,1.10E-04,-3.43E-05,-6.91E-05,2.08E-05
1675.838,-2.64E-05,4.35E-06,1.08E-04,4.26E-05,7.00E-06,-2.27E-05,-8.38E-06
1677.766,-1.37E-05,2.21E-05,6.82E-05,1.52E-04,1.24E-04,1.31E-04,7.83E-05
1679.694,2.04E-05,-8.45E-06,-8.40E-05,1.07E-04,1.10E-04,1.40E-04,6.41E-05
1681.623,-8.77E-05,4.88E-05,-9.82E-05,2.24E-05,-3.25E-05,7.67E-05,5.69E-06
1683.551,-2.81E-04,9.42E-05,-1.28E-04,-8.82E-06,-3.48E-05,-2.21E-04,-2.59E-04
1685.48,-2.32E-04,9.90E-05,-1.72E-04,5.94E-05,1.39E-04,-1.96E-04,-2.57E-04
1687.408,-8.94E-05,7.30E-05,-4.60E-05,1.82E-04,1.96E-04,5.44E-05,4.66E-06
1689.337,-5.19E-05,3.12E-05,6.90E-05,1.88E-04,1.44E-04,2.06E-04,1.85E-04
1691.265,9.70E-06,1.30E-05,1.70E-04,1.16E-04,1.48E-04,1.25E-04,2.32E-04
1693.194,7.19E-05,-7.98E-06,1.00E-04,8.45E-05,9.43E-05,-6.87E-05,1.51E-04
1695.122,-1.36E-04,1.38E-05,-4.77E-05,1.20E-04,2.78E-05,-1.88E-04,-8.72E-05
1697.051,-2.65E-04,1.09E-04,-1.28E-05,1.27E-04,5.07E-05,-7.99E-05,-1.13E-04
1698.979,-2.00E-04,1.10E-04,-5.02E-05,2.57E-06,-7.84E-05,-2.90E-04,-1.83E-04
1700.908,-2.13E-04,-1.16E-06,4.49E-05,-1.57E-04,-8.44E-05,-3.87E-04,-1.95E-04
1702.836,-2.11E-04,7.72E-06,2.33E-04,-3.78E-05,8.90E-05,-1.05E-04,9.35E-05
1704.765,-1.93E-04,7.32E-05,1.66E-04,9.56E-05,1.12E-04,-1.09E-04,3.10E-05
1706.693,-1.37E-04,1.31E-04,1.43E-05,7.28E-05,1.44E-04,-5.82E-05,4.41E-05
1708.621,-1.55E-04,2.02E-05,-6.09E-05,-1.15E-05,1.59E-04,5.51E-05,1.21E-04
1710.55,-1.39E-04,-3.02E-05,1.69E-06,-3.52E-05,9.89E-05,7.41E-05,1.31E-04
1712.478,2.07E-05,-6.32E-05,8.69E-05,1.06E-04,4.67E-05,6.18E-05,8.70E-05
1714.407,-5.76E-05,-8.89E-05,7.35E-05,1.15E-04,1.54E-04,-3.42E-05,-2.70E-05
1716.335,-2.15E-04,-1.62E-04,1.33E-04,3.63E-05,1.78E-04,-2.21E-04,-2.29E-04
1718.264,-1.68E-04,-2.36E-04,9.97E-05,1.17E-04,1.78E-04,-2.36E-04,-1.88E-04
1720.192,-7.28E-05,-1.47E-04,-4.01E-05,1.61E-04,2.00E-04,3.06E-05,1.17E-04
1722.121,-3.18E-06,-2.68E-05,-1.35E-04,1.98E-04,1.87E-04,2.92E-04,1.69E-04
1724.049,-4.16E-05,-3.63E-05,-1.70E-04,2.31E-04,2.20E-04,2.74E-04,5.42E-05
1725.978,-6.07E-05,-2.35E-05,-1.24E-04,1.06E-04,2.01E-04,1.26E-04,1.95E-04
1727.906,-3.53E-05,1.13E-04,-4.18E-05,1.29E-06,1.35E-04,4.48E-05,1.17E-04
1729.835,-8.72E-05,9.62E-05,-1.37E-04,2.01E-05,1.15E-04,1.65E-04,-4.92E-05
1731.763,-3.73E-05,3.39E-05,-2.36E-04,-3.53E-06,6.38E-05,1.67E-04,-2.19E-04
1733.692,-7.71E-05,4.70E-05,-1.42E-04,-2.58E-05,4.56E-05,-1.58E-04,-3.81E-04
1735.62,-8.04E-05,2.14E-04,-6.17E-05,1.72E-05,1.26E-04,-7.43E-05,-1.33E-04
1737.548,-3.17E-05,2.60E-04,-5.56E-05,7.04E-05,6.68E-05,7.75E-05,1.06E-04
1739.477,3.35E-05,5.73E-05,-3.73E-05,1.27E-04,7.40E-07,3.10E-05,2.30E-05
1741.405,-3.42E-05,-1.18E-04,-5.46E-05,8.63E-05,4.76E-05,7.55E-05,3.50E-05
1743.334,-6.86E-05,-8.74E-05,-1.65E-04,-3.86E-05,1.88E-04,1.17E-04,2.14E-06
1745.262,-8.19E-05,1.19E-04,-1.01E-04,2.10E-05,1.85E-04,5.78E-05,-1.18E-05
1747.191,-6.58E-05,7.22E-05,3.37E-05,7.36E-05,1.84E-04,-2.07E-05,5.50E-05
1749.119,2.62E-06,1.25E-05,7.78E-06,1.02E-04,7.13E-05,-3.28E-05,6.63E-05
1751.048,1.08E-04,3.64E-06,-1.91E-04,1.38E-04,5.81E-05,-3.47E-05,1.54E-05
1752.976,8.10E-05,-7.50E-05,-1.55E-04,2.31E-04,7.64E-05,4.89E-05,1.90E-06
1754.905,4.94E-05,-1.88E-04,-3.07E-05,2.30E-04,8.47E-05,1.08E-04,-4.07E-06
1756.833,1.69E-04,-6.20E-06,2.39E-05,2.99E-04,5.02E-05,7.53E-05,5.28E-05
1758.762,1.28E-04,4.93E-07,-6.02E-05,3.01E-04,-2.42E-05,4.84E-05,6.89E-05
1760.69,8.06E-05,-8.15E-05,-1.60E-04,3.44E-04,-1.93E-05,-7.55E-06,-4.69E-05
1762.619,1.17E-04,-4.15E-05,-1.53E-04,3.17E-04,8.43E-05,-7.46E-05,-1.68E-05
1764.547,1.59E-04,3.22E-05,2.42E-05,1.64E-04,1.62E-04,-7.98E-05,9.87E-05
1766.475,1.17E-04,2.87E-06,-1.92E-05,7.53E-05,1.23E-04,-1.65E-05,4.15E-05
1768.404,1.69E-04,3.54E-05,-4.26E-05,4.88E-05,-8.21E-06,-3.48E-05,7.62E-05
1770.332,8.33E-05,1.20E-04,-5.33E-05,1.94E-04,-4.99E-06,-1.58E-04,4.71E-05
1772.261,4.58E-05,7.48E-05,-3.11E-05,2.39E-04,-2.70E-06,-1.92E-04,-1.11E-04
1774.189,2.81E-05,2.16E-06,5.14E-06,6.60E-05,1.43E-05,-9.85E-05,-4.89E-05
1776.118,5.96E-05,5.92E-05,-2.22E-05,1.31E-04,4.42E-05,-1.91E-05,-3.22E-05
1778.046,1.79E-04,7.89E-05,8.42E-05,2.33E-04,1.71E-04,5.68E-05,-8.91E-05
1779.975,2.18E-04,7.79E-05,5.94E-05,2.55E-04,1.81E-04,9.25E-05,-1.37E-04
1781.903,4.68E-05,4.94E-06,-9.00E-05,1.46E-04,7.41E-05,8.54E-05,-7.14E-05
1783.832,-1.24E-04,-8.06E-05,-3.48E-05,3.08E-05,3.90E-06,7.82E-05,1.98E-05
1785.76,2.75E-06,-2.81E-05,8.37E-05,2.43E-07,-2.11E-05,7.22E-05,1.53E-05
1787.689,1.60E-04,1.24E-04,4.32E-05,2.42E-05,1.02E-05,2.09E-05,1.86E-05
1789.617,1.03E-04,-4.13E-06,1.52E-05,1.17E-04,4.41E-05,-1.37E-05,-4.00E-05
1791.546,1.69E-05,-1.37E-04,-2.03E-05,1.22E-04,5.62E-05,-1.07E-04,-8.92E-05
1793.474,1.66E-07,-1.19E-04,-1.85E-06,-9.38E-06,2.85E-05,-1.40E-04,9.57E-05
1795.402,1.15E-04,-7.97E-05,1.17E-04,9.32E-05,9.12E-06,1.16E-05,1.02E-04
1797.331,1.48E-04,3.16E-05,6.60E-05,1.33E-04,5.72E-05,1.24E-05,3.70E-05
1799.259,1.73E-04,-3.03E-06,-2.11E-05,4.18E-05,2.07E-04,3.90E-05,-2.03E-05
1801.188,2.29E-04,-6.22E-05,5.95E-05,4.72E-05,3.20E-04,9.89E-05,-5.35E-05
1803.116,2.24E-04,-5.33E-05,8.17E-05,9.42E-05,2.27E-04,4.25E-05,3.70E-05
1805.045,3.11E-04,-1.40E-05,7.73E-09,9.77E-05,9.85E-05,2.82E-05,-5.74E-06
1806.973,4.40E-04,5.33E-06,-2.81E-05,8.23E-05,-3.76E-05,2.22E-04,-1.30E-04
1808.902,4.25E-04,1.53E-05,-6.89E-05,7.22E-05,-1.69E-05,1.43E-04,-7.73E-05
1810.83,4.12E-04,-2.46E-05,1.46E-05,-3.54E-05,1.29E-05,-1.15E-04,1.29E-04
1812.759,3.57E-04,-1.13E-04,-1.55E-05,-1.79E-04,-8.62E-05,-4.60E-05,1.63E-04
1814.687,2.66E-04,-2.89E-05,-9.00E-05,-2.23E-04,-1.87E-05,2.59E-06,1.70E-04
1816.616,2.80E-04,1.86E-05,9.33E-05,5.43E-05,1.32E-04,-3.98E-05,1.06E-04
1818.544,3.73E-04,6.71E-06,1.55E-05,2.59E-04,1.38E-04,7.81E-06,-4.09E-05
1820.473,4.40E-04,-3.04E-05,-1.76E-04,1.76E-04,2.83E-04,4.28E-05,-3.03E-05
1822.401,3.28E-04,1.11E-04,-1.66E-04,1.03E-04,2.14E-04,9.21E-05,4.68E-05
1824.329,2.94E-04,2.96E-04,-1.77E-04,8.30E-05,-2.40E-05,1.12E-04,-1.34E-04
1826.258,4.01E-04,2.70E-04,-1.76E-04,1.94E-04,-6.79E-05,-3.78E-06,-2.13E-04
1828.186,3.52E-04,1.29E-04,-2.86E-04,1.46E-04,-4.03E-05,-1.10E-04,-7.90E-05
1830.115,2.75E-04,8.90E-06,-2.70E-04,1.46E-04,-2.99E-05,-1.12E-04,-1.11E-04
1832.043,3.74E-04,6.38E-05,-2.41E-04,1.81E-04,-2.81E-05,-1.45E-04,-2.67E-04
1833.972,4.27E-04,8.23E-05,-3.37E-04,1.59E-04,2.84E-05,-1.19E-04,-2.20E-04
1835.9,5.47E-04,1.46E-04,-3.98E-04,1.34E-04,7.25E-05,-9.83E-05,-1.95E-04
1837.829,6.84E-04,3.44E-04,-2.20E-04,5.95E-05,1.53E-04,-2.34E-04,-8.18E-05
1839.757,5.75E-04,2.63E-04,-1.31E-05,1.94E-04,9.48E-05,-1.90E-04,4.48E-05
1841.686,4.66E-04,0.00E+00,0,0,0,0,0.00E+00
