Wavenumber,0.0262,0.0524,0.1048,0.2097,0.3145,0.4193,0.5242
850.4539,4.52E-04,1.23E-04,-1.09E-04,-2.24E-05,2.70E-04,2.25E-04,-1.86E-04
852.3823,1.61E-04,1.45E-04,-2.51E-04,2.64E-04,-1.29E-05,-4.84E-05,-1.05E-04
854.3108,-3.04E-04,7.26E-05,1.25E-05,4.51E-05,-2.70E-04,2.11E-05,-1.28E-04
856.2393,-3.10E-04,-6.11E-05,3.69E-05,1.23E-04,-6.18E-05,-3.40E-04,-3.37E-04
858.1677,-2.82E-05,5.63E-06,-2.99E-05,1.28E-04,1.69E-04,-4.45E-04,-2.98E-04
860.0962,1.81E-04,-1.69E-04,2.47E-04,-2.80E-04,2.20E-04,-1.94E-04,-5.24E-05
862.0247,3.25E-04,-4.99E-05,4.59E-04,-2.14E-04,3.69E-05,-5.11E-05,-1.65E-04
863.9531,1.31E-04,2.02E-04,4.44E-04,5.91E-05,-5.44E-05,1.07E-05,-3.16E-04
865.8816,1.19E-04,1.40E-04,3.61E-04,-2.36E-04,4.17E-05,1.24E-04,-1.54E-04
867.8101,2.06E-04,8.78E-05,3.20E-04,-2.97E-04,1.71E-04,2.19E-04,4.27E-05
869.7385,1.96E-04,1.67E-04,-9.08E-05,-2.30E-04,1.04E-04,4.17E-04,4.89E-05
871.667,1.41E-04,1.47E-04,-9.11E-05,-4.00E-05,-2.12E-04,2.51E-04,6.79E-05
873.5955,1.33E-04,1.09E-04,1.11E-04,2.99E-04,-5.50E-06,3.75E-05,2.37E-04
875.5239,6.55E-05,-1.24E-05,-1.07E-05,3.03E-04,1.38E-04,-8.55E-05,7.99E-05
877.4524,8.45E-05,-2.79E-04,-1.63E-04,-1.41E-05,1.03E-04,-1.80E-04,3.43E-05
879.3809,1.37E-05,-2.56E-04,-2.31E-04,8.55E-07,1.47E-04,-2.97E-04,-2.03E-05
881.3093,1.67E-04,-1.14E-04,-2.76E-04,1.49E-04,8.82E-05,-3.52E-04,-5.91E-05
883.2378,1.02E-04,7.98E-05,-1.94E-04,1.55E-04,1.32E-04,-8.00E-05,1.03E-04
885.1663,-1.40E-04,3.26E-04,-1.23E-04,1.94E-04,7.79E-05,3.75E-04,4.57E-04
887.0947,8.31E-05,9.45E-05,-3.80E-06,6.79E-05,1.08E-05,6.52E-04,3.89E-04
889.0232,1.31E-04,4.19E-07,1.53E-04,-2.16E-04,1.28E-04,5.26E-04,3.71E-04
890.9517,9.05E-05,1.58E-04,2.84E-04,-2.40E-04,4.33E-04,1.82E-04,4.58E-04
892.8801,-4.16E-05,8.96E-05,1.85E-04,-4.30E-05,5.55E-04,1.59E-04,5.86E-04
894.8085,-5.36E-05,-6.76E-05,7.80E-05,-2.49E-05,3.93E-04,3.00E-04,6.58E-04
896.737,-2.81E-05,7.94E-05,-5.43E-05,-1.73E-04,3.48E-05,3.76E-04,6.04E-04
898.6655,-1.30E-04,3.66E-04,-1.74E-04,3.29E-06,-1.74E-04,2.85E-04,3.90E-04
900.5939,-7.88E-05,2.81E-04,-1.40E-04,2.55E-04,-9.88E-05,-3.12E-05,3.25E-04
902.5224,2.95E-05,1.50E-04,2.53E-05,1.65E-04,-7.71E-05,-4.78E-04,2.76E-04
904.4509,2.81E-04,2.69E-04,1.64E-04,2.71E-05,2.88E-04,-3.44E-04,2.32E-04
906.3793,3.84E-04,2.14E-04,2.70E-05,-5.24E-06,4.66E-04,-4.38E-04,1.64E-04
908.3078,2.46E-04,-2.97E-04,-1.00E-04,1.36E-05,-2.80E-06,-4.78E-04,-1.82E-04
910.2363,4.29E-05,-3.62E-04,8.06E-05,-5.54E-05,-3.59E-04,-4.21E-04,-1.09E-04
912.1647,-1.74E-04,8.68E-06,8.54E-05,-9.72E-05,-1.04E-04,-3.63E-04,2.03E-04
914.0932,-1.98E-04,8.46E-05,4.12E-05,-3.35E-05,1.97E-04,-1.81E-04,2.49E-04
916.0217,-4.86E-05,8.21E-06,-8.31E-05,-1.60E-04,2.02E-04,9.66E-05,4.78E-05
917.9501,-8.39E-06,5.31E-06,7.55E-05,-1.67E-04,2.62E-04,4.20E-05,-1.09E-04
919.8786,-3.61E-05,-4.25E-05,3.95E-04,-6.61E-05,1.84E-04,1.03E-05,-3.42E-05
921.8071,-9.74E-05,2.15E-05,4.23E-04,-5.11E-05,2.01E-04,1.07E-04,5.10E-05
923.7355,5.98E-05,1.29E-04,2.02E-04,-1.53E-04,3.85E-04,5.40E-05,1.64E-04
925.664,1.49E-04,1.83E-04,1.53E-04,-1.33E-04,2.71E-04,9.23E-05,1.73E-04
927.5925,-8.97E-05,2.88E-04,1.55E-04,-1.50E-04,2.46E-04,1.90E-04,1.00E-04
929.5209,1.51E-04,1.58E-04,-7.31E-05,-1.32E-04,2.48E-04,1.76E-04,6.01E-05
931.4494,4.95E-04,2.34E-04,-1.52E-04,-6.14E-05,2.77E-04,1.06E-04,-5.23E-05
933.3779,2.51E-04,2.49E-04,-1.15E-04,2.14E-05,1.89E-04,-5.04E-05,-7.26E-05
935.3063,-2.69E-06,-1.67E-04,-4.00E-05,-9.19E-05,4.25E-06,-1.05E-04,5.16E-05
937.2348,-1.15E-04,-2.73E-04,7.08E-05,-1.76E-04,-7.75E-05,8.96E-05,1.15E-05
939.1633,-1.91E-04,-1.18E-04,1.36E-04,7.56E-05,-8.30E-05,2.09E-05,-1.17E-04
941.0917,-2.44E-04,-7.09E-05,3.02E-04,1.91E-04,-7.04E-05,-1.64E-04,-1.72E-04
943.0202,-1.39E-04,1.27E-04,2.55E-04,2.63E-04,-8.55E-05,-1.42E-04,-1.37E-04
944.9487,3.13E-05,1.12E-04,-1.74E-05,2.23E-04,-5.92E-05,-2.52E-04,8.60E-05
946.8771,-4.12E-05,1.16E-04,8.50E-05,1.74E-04,-7.09E-06,-2.11E-04,1.15E-04
948.8056,-3.46E-05,3.06E-04,-1.19E-05,1.79E-04,7.95E-05,4.58E-05,4.03E-05
950.7341,-7.10E-05,1.39E-04,-4.98E-05,5.77E-05,1.40E-04,-3.59E-05,-1.72E-04
952.6625,-1.18E-04,6.28E-05,3.01E-05,-1.05E-04,1.58E-05,-2.27E-04,-2.70E-04
954.591,5.00E-05,5.52E-05,2.67E-05,-1.23E-04,-5.13E-05,-1.71E-04,-3.22E-04
956.5195,2.45E-04,9.35E-05,1.84E-04,4.05E-05,-2.20E-05,-2.32E-04,-3.25E-04
958.4479,2.39E-04,-8.25E-05,7.99E-05,-1.27E-04,3.90E-05,-3.97E-04,-8.36E-05
960.3764,2.68E-05,-2.03E-04,-1.23E-04,-2.28E-04,2.80E-05,-3.50E-04,-1.53E-05
962.3049,6.81E-05,-1.44E-04,-1.78E-04,-5.96E-06,1.72E-05,-3.45E-04,-1.54E-04
964.2333,1.32E-04,-7.15E-05,-3.12E-05,-5.52E-07,-4.31E-07,-2.95E-04,8.17E-06
966.1618,2.23E-04,2.03E-06,1.11E-04,-2.55E-05,4.49E-05,-1.72E-04,1.31E-04
968.0903,2.29E-04,1.77E-04,1.63E-04,-2.98E-05,1.23E-04,-1.28E-04,1.81E-05
970.0187,3.37E-05,9.99E-05,1.83E-05,-6.33E-05,1.34E-05,-1.43E-04,8.98E-05
971.9472,4.93E-05,1.82E-05,-5.31E-05,-4.19E-05,1.72E-06,-2.14E-05,9.29E-07
973.8757,3.23E-04,9.16E-05,-1.92E-04,-3.18E-05,8.24E-05,4.71E-05,-9.03E-05
975.8041,3.95E-04,2.08E-04,-3.04E-04,5.20E-05,2.72E-04,-7.23E-05,2.40E-04
977.7326,3.51E-04,1.72E-04,-2.90E-04,9.60E-05,1.71E-04,-1.70E-04,5.08E-04
979.6611,3.75E-04,-6.37E-05,-1.96E-04,1.19E-05,1.02E-04,-3.17E-05,3.74E-04
981.5895,2.83E-04,-2.35E-05,1.83E-04,5.32E-05,7.76E-05,2.51E-04,3.07E-04
983.518,1.33E-04,1.80E-04,3.52E-04,2.55E-04,3.07E-04,2.14E-04,3.24E-04
985.4465,1.57E-04,1.69E-04,2.15E-04,4.32E-04,6.63E-04,1.47E-05,4.82E-04
987.3749,2.71E-04,2.90E-05,2.60E-04,3.15E-04,7.96E-04,1.08E-04,7.51E-04
989.3034,8.80E-05,-3.01E-05,1.98E-04,2.48E-04,7.34E-04,3.53E-04,9.54E-04
991.2319,-1.16E-05,1.34E-04,1.10E-04,4.11E-04,7.01E-04,6.12E-04,0.00115
993.1603,7.95E-05,2.31E-04,1.58E-04,2.45E-04,6.14E-04,5.44E-04,0.00119
995.0888,1.09E-04,3.20E-04,1.06E-04,1.82E-04,5.28E-04,2.99E-04,9.53E-04
997.0173,1.85E-04,1.81E-04,1.29E-04,2.14E-04,4.90E-04,2.84E-04,6.97E-04
998.9457,1.58E-04,-1.96E-05,1.35E-04,1.93E-04,3.38E-04,3.28E-04,3.85E-04
1000.874,9.90E-05,-3.30E-05,1.09E-04,2.75E-04,1.22E-04,1.75E-04,1.93E-04
1002.803,1.12E-04,1.73E-05,2.14E-04,1.75E-05,2.28E-04,7.80E-05,2.21E-04
1004.731,7.15E-05,-1.18E-04,1.91E-04,-1.33E-04,2.39E-04,4.91E-05,1.74E-04
1006.66,1.44E-04,-9.58E-05,1.31E-04,-8.12E-05,4.02E-06,-2.14E-04,-1.46E-04
1008.588,5.98E-05,8.96E-06,5.70E-05,-6.66E-05,-1.98E-04,-3.05E-04,-1.86E-04
1010.517,-7.98E-05,2.13E-04,-6.73E-05,1.06E-04,-8.32E-05,-2.60E-04,6.26E-05
1012.445,-3.65E-05,2.24E-04,-7.76E-06,1.24E-04,1.52E-04,-3.24E-04,-1.32E-05
1014.373,9.93E-06,1.29E-04,-3.17E-05,3.95E-05,3.09E-04,-3.08E-04,-5.73E-05
1016.302,2.25E-05,1.86E-04,-1.44E-04,8.09E-05,3.29E-04,3.09E-05,1.20E-04
1018.23,-6.80E-05,1.01E-04,1.69E-05,8.30E-05,4.09E-04,1.62E-04,2.49E-04
1020.159,-2.81E-05,1.94E-04,9.69E-05,6.23E-05,4.07E-04,1.86E-04,3.77E-04
1022.087,3.86E-06,2.12E-04,2.18E-04,6.71E-05,5.39E-04,3.22E-04,4.61E-04
1024.016,1.82E-04,1.17E-04,2.06E-04,-1.70E-06,7.34E-04,4.06E-04,6.38E-04
1025.944,3.52E-04,-3.67E-05,1.49E-04,3.01E-04,7.66E-04,3.42E-04,8.39E-04
1027.873,5.51E-05,-1.05E-04,1.49E-04,3.55E-04,7.20E-04,5.20E-05,6.80E-04
1029.801,1.65E-05,-1.52E-04,3.75E-05,2.19E-04,5.82E-04,-2.66E-05,2.98E-04
1031.73,2.33E-04,-1.29E-04,2.69E-05,8.70E-05,3.96E-04,-1.72E-05,3.05E-04
1033.658,2.33E-04,-1.22E-04,7.02E-05,-4.90E-05,2.81E-04,-5.95E-05,2.36E-04
1035.587,-2.50E-05,2.40E-05,2.26E-04,-1.65E-05,5.93E-05,-3.84E-04,-4.53E-05
1037.515,-6.10E-05,2.83E-04,1.14E-04,3.43E-05,-1.97E-05,-7.18E-04,-1.31E-04
1039.444,5.20E-05,-3.36E-06,8.41E-05,6.14E-05,5.85E-05,-6.02E-04,-4.58E-05
1041.372,-6.32E-05,1.93E-05,2.57E-04,-4.58E-05,1.89E-04,-4.09E-04,-1.17E-04
1043.301,-5.63E-06,1.47E-04,3.57E-04,4.69E-05,3.61E-04,-2.72E-04,-1.88E-04
1045.229,6.79E-05,-4.40E-05,1.60E-04,1.79E-05,3.98E-04,-1.20E-04,2.53E-05
1047.157,-1.59E-06,3.75E-05,9.42E-05,-9.96E-06,2.93E-04,-1.23E-04,-1.22E-04
1049.086,-3.17E-05,-9.77E-05,6.13E-05,-4.37E-05,1.54E-04,-2.74E-04,-4.25E-04
1051.014,3.72E-05,-1.19E-04,6.02E-05,-3.05E-05,2.82E-04,-2.74E-04,-3.19E-04
1052.943,2.04E-04,3.91E-05,-3.26E-05,-9.89E-05,5.49E-04,-1.32E-04,-1.94E-04
1054.871,2.75E-04,-1.44E-04,-1.34E-04,-9.27E-05,6.54E-04,2.52E-05,6.51E-05
1056.8,2.45E-04,-2.00E-04,6.42E-05,4.80E-05,7.04E-04,2.83E-04,2.20E-04
1058.728,1.76E-04,-2.11E-04,2.15E-04,1.34E-04,6.17E-04,3.79E-04,2.69E-04
1060.657,1.62E-04,-1.88E-04,1.12E-04,2.32E-04,7.08E-04,3.85E-04,3.71E-04
1062.585,4.50E-05,-2.43E-04,6.94E-05,3.17E-04,9.27E-04,4.40E-04,6.12E-04
1064.514,-1.47E-04,-2.29E-04,7.09E-05,2.64E-04,8.08E-04,3.42E-04,6.73E-04
1066.442,-1.41E-04,-5.53E-06,2.10E-04,1.60E-04,4.86E-04,3.47E-04,5.97E-04
1068.371,5.35E-05,1.40E-04,2.78E-04,9.46E-05,5.67E-04,3.44E-04,6.22E-04
1070.299,2.43E-04,1.43E-04,2.45E-04,1.69E-04,6.72E-04,2.20E-05,4.95E-04
1072.228,1.03E-04,2.66E-04,1.09E-04,2.90E-04,4.74E-04,-1.38E-04,1.69E-04
1074.156,1.39E-04,2.41E-04,5.94E-06,1.82E-04,2.06E-04,-5.93E-05,-2.85E-06
1076.084,2.07E-04,7.52E-05,-2.61E-05,1.02E-04,2.41E-04,-2.28E-04,5.13E-05
1078.013,-3.01E-06,-2.13E-04,-6.25E-05,1.73E-04,3.49E-04,-2.96E-04,-2.26E-05
1079.941,-1.48E-04,-1.61E-04,-6.09E-05,1.51E-04,2.64E-04,-3.25E-04,-4.14E-04
1081.87,-2.46E-06,1.04E-04,1.51E-05,6.51E-05,1.14E-04,-2.69E-04,-3.21E-04
1083.798,1.40E-04,1.28E-04,6.28E-06,-6.39E-05,7.60E-05,-2.95E-04,-2.95E-05
1085.727,1.60E-04,-4.27E-05,6.34E-06,-1.68E-05,-2.19E-05,-2.14E-04,5.70E-05
1087.655,9.88E-05,-1.42E-04,4.96E-05,-2.83E-04,-2.29E-04,-6.83E-04,-2.06E-04
1089.584,1.35E-04,9.53E-05,-1.39E-06,-3.98E-04,-1.72E-04,-1.50E-03,-3.14E-04
1091.512,1.38E-04,1.79E-04,-9.02E-05,6.88E-05,1.29E-04,-9.60E-04,1.07E-04
1093.441,2.27E-04,2.80E-04,-1.59E-04,1.70E-04,5.46E-05,-5.32E-04,8.88E-05
1095.369,4.57E-05,1.20E-04,-1.21E-04,1.79E-04,1.70E-04,-3.46E-04,-4.41E-05
1097.298,-1.90E-04,-1.75E-04,-3.23E-05,1.09E-04,9.45E-05,-2.08E-04,-4.81E-05
1099.226,-1.48E-04,-2.95E-04,3.08E-05,-7.77E-05,-1.94E-04,-2.24E-04,-5.63E-05
1101.155,-9.10E-05,-1.96E-04,-9.54E-05,-1.89E-04,-1.01E-04,-2.15E-04,-6.54E-05
1103.083,-1.00E-04,8.59E-05,-2.03E-04,4.95E-05,1.17E-04,3.71E-05,-9.63E-05
1105.011,-1.85E-04,2.26E-04,-1.63E-04,1.23E-04,1.82E-04,1.19E-04,-8.83E-05
1106.94,-1.49E-05,2.12E-04,-6.06E-05,-1.00E-04,-2.58E-06,1.44E-05,2.09E-05
1108.868,4.02E-06,3.62E-05,-1.29E-04,-2.55E-04,-8.55E-05,2.95E-05,-2.82E-04
1110.797,-1.33E-04,-9.13E-05,-1.04E-04,-3.10E-04,-8.49E-05,6.93E-05,-4.22E-04
1112.725,-1.52E-04,-1.38E-04,1.68E-04,-2.38E-04,-7.54E-05,-3.38E-05,-1.50E-04
1114.654,-1.72E-04,-1.91E-04,1.93E-04,-8.38E-06,-1.21E-04,-1.90E-05,8.55E-05
1116.582,-2.59E-04,-1.65E-04,1.09E-04,1.49E-04,-4.63E-05,-7.91E-05,2.05E-04
1118.511,-2.25E-04,-1.36E-04,9.97E-05,6.90E-05,9.67E-05,-1.70E-04,1.82E-04
1120.439,-1.03E-04,-1.17E-04,-1.19E-04,6.68E-05,-1.40E-04,-2.18E-04,8.46E-05
1122.368,2.09E-05,-1.96E-04,-9.28E-05,2.14E-04,-2.98E-04,-1.13E-04,8.23E-05
1124.296,-6.78E-05,-9.69E-05,-1.87E-04,1.72E-04,-2.78E-04,8.10E-06,1.08E-04
1126.225,-1.36E-04,-5.27E-05,-3.32E-04,-8.90E-05,-9.66E-05,1.41E-04,3.00E-05
1128.153,-2.81E-05,-6.05E-05,-3.47E-04,-1.50E-04,3.79E-05,2.36E-04,-1.58E-05
1130.082,-3.71E-05,6.55E-05,-2.39E-04,-1.27E-04,4.40E-05,1.72E-04,4.19E-05
1132.01,8.37E-05,7.27E-05,-1.75E-04,-3.61E-05,1.82E-04,4.17E-05,-8.92E-05
1133.938,2.53E-04,9.94E-05,-1.27E-04,1.42E-04,1.86E-04,1.81E-04,-2.00E-04
1135.867,1.25E-04,1.06E-04,-1.05E-04,2.18E-04,-4.45E-05,2.34E-04,-1.96E-04
1137.795,2.20E-05,5.71E-05,-1.35E-04,1.57E-04,-7.10E-05,3.22E-04,-3.14E-05
1139.724,1.77E-05,5.61E-05,-1.21E-05,1.46E-04,7.86E-05,5.05E-04,1.86E-04
1141.652,1.29E-04,-8.90E-05,-6.09E-05,1.18E-04,1.43E-04,6.48E-04,4.91E-04
1143.581,7.30E-05,8.25E-05,-2.12E-04,2.92E-04,1.71E-04,6.93E-04,6.58E-04
1145.509,-8.90E-05,3.07E-04,-1.63E-04,5.91E-04,3.55E-04,7.76E-04,6.88E-04
1147.438,7.43E-05,2.19E-04,-6.11E-05,7.31E-04,4.07E-04,8.70E-04,9.88E-04
1149.366,2.33E-04,1.29E-05,-3.92E-05,6.85E-04,5.17E-04,1.07E-03,1.46E-03
1151.295,1.65E-04,5.01E-05,1.54E-04,7.77E-04,6.80E-04,1.43E-03,1.83E-03
1153.223,1.07E-04,2.41E-04,3.43E-04,8.84E-04,9.21E-04,1.90E-03,2.04E-03
1155.152,-7.83E-05,3.28E-04,3.23E-04,9.86E-04,1.20E-03,2.28E-03,2.43E-03
1157.08,-1.26E-04,3.00E-04,5.63E-04,1.32E-03,1.64E-03,2.77E-03,3.14E-03
1159.009,3.06E-05,2.99E-04,7.91E-04,1.70E-03,2.11E-03,3.43E-03,3.98E-03
1160.937,1.21E-04,4.17E-04,8.33E-04,1.97E-03,2.72E-03,4.16E-03,5.01E-03
1162.865,2.79E-04,6.58E-04,1.00E-03,2.40E-03,3.45E-03,5.06E-03,6.27E-03
1164.794,4.14E-04,7.90E-04,1.37E-03,3.23E-03,4.32E-03,6.58E-03,7.95E-03
1166.722,4.34E-04,8.86E-04,1.91E-03,4.02E-03,5.56E-03,8.13E-03,1.00E-02
1168.651,4.71E-04,1.09E-03,2.50E-03,4.75E-03,6.89E-03,9.74E-03,1.23E-02
1170.579,5.62E-04,1.26E-03,2.80E-03,5.56E-03,7.99E-03,1.13E-02,0.01408
1172.508,6.37E-04,1.34E-03,2.84E-03,5.83E-03,8.38E-03,1.17E-02,0.01438
1174.436,6.15E-04,1.28E-03,2.62E-03,5.22E-03,7.64E-03,0.01081,0.01305
1176.365,5.46E-04,1.00E-03,2.11E-03,4.28E-03,6.27E-03,0.00916,0.01071
1178.293,5.02E-04,6.32E-04,1.57E-03,3.38E-03,0.00491,0.00722,0.00848
1180.222,4.24E-04,4.27E-04,1.25E-03,2.63E-03,0.00391,0.00561,0.00681
1182.15,3.29E-04,5.31E-04,1.10E-03,0.00223,0.00316,0.00464,0.00556
1184.079,2.34E-04,5.72E-04,9.45E-04,0.00204,0.0027,0.00417,0.00493
1186.007,1.23E-04,4.26E-04,8.72E-04,0.00178,0.0026,0.00398,0.00457
1187.936,1.15E-04,4.77E-04,6.90E-04,0.00164,0.00255,0.00389,0.0044
1189.864,1.59E-04,4.81E-04,6.29E-04,0.00162,0.00251,0.00382,0.00447
1191.792,1.32E-04,3.90E-04,6.94E-04,0.00167,0.00254,0.00359,0.00444
1193.721,2.40E-04,3.73E-04,6.15E-04,0.0016,0.00244,0.00336,0.0042
1195.649,2.60E-04,3.19E-04,5.72E-04,0.00148,0.00213,0.00322,0.00394
1197.578,1.69E-04,2.52E-04,7.12E-04,0.00134,0.00198,0.00307,0.00377
1199.506,1.06E-04,3.52E-04,6.87E-04,0.00133,0.00201,0.00293,0.00376
1201.435,1.54E-04,4.44E-04,6.59E-04,0.00157,0.00219,0.00306,0.0039
1203.363,3.13E-04,4.30E-04,7.99E-04,0.00176,0.0023,0.00345,0.00424
1205.292,4.25E-04,4.54E-04,9.86E-04,0.00188,0.00246,0.00383,0.0047
1207.22,4.88E-04,3.63E-04,1.08E-03,0.00206,0.00285,0.00423,0.00516
1209.149,4.62E-04,3.31E-04,1.12E-03,2.22E-03,0.00319,0.00462,0.00574
1211.077,3.26E-04,4.10E-04,1.29E-03,0.00239,0.00361,0.00516,0.00637
1213.006,3.53E-04,5.81E-04,1.50E-03,0.00274,0.0041,0.00554,0.007
1214.934,4.60E-04,7.75E-04,1.51E-03,2.96E-03,0.00443,0.006,0.00757
1216.863,5.88E-04,8.06E-04,1.52E-03,3.13E-03,0.00465,0.00659,0.00809
1218.791,4.35E-04,7.98E-04,1.72E-03,3.40E-03,4.81E-03,0.00707,0.00856
1220.719,3.80E-04,9.08E-04,1.72E-03,3.53E-03,5.07E-03,0.00736,0.00888
1222.648,5.37E-04,1.03E-03,1.59E-03,3.59E-03,5.24E-03,0.00751,0.00888
1224.576,4.95E-04,1.01E-03,1.69E-03,3.68E-03,5.18E-03,0.00744,0.00882
1226.505,4.55E-04,8.50E-04,1.76E-03,3.67E-03,5.06E-03,7.21E-03,8.68E-03
1228.433,4.55E-04,7.48E-04,1.62E-03,3.46E-03,4.93E-03,6.92E-03,8.36E-03
1230.362,3.59E-04,7.45E-04,1.45E-03,3.16E-03,4.55E-03,6.65E-03,0.00799
1232.29,3.29E-04,7.28E-04,1.49E-03,2.96E-03,4.15E-03,6.41E-03,7.57E-03
1234.219,3.28E-04,6.35E-04,1.46E-03,2.81E-03,4.04E-03,5.86E-03,7.14E-03
1236.147,2.47E-04,5.50E-04,1.31E-03,2.74E-03,3.92E-03,5.43E-03,0.00672
1238.076,1.97E-04,5.60E-04,1.30E-03,2.69E-03,3.68E-03,5.29E-03,0.00654
1240.004,2.42E-04,5.79E-04,1.36E-03,2.60E-03,3.52E-03,5.34E-03,0.00659
1241.933,2.96E-04,6.17E-04,1.29E-03,2.60E-03,3.69E-03,0.0055,0.00676
1243.861,4.09E-04,6.61E-04,1.20E-03,2.64E-03,4.06E-03,0.00568,0.00699
1245.79,5.42E-04,7.06E-04,1.38E-03,2.78E-03,0.00427,0.00588,0.00717
1247.718,5.84E-04,7.43E-04,1.48E-03,2.93E-03,4.52E-03,0.00607,0.00749
1249.646,5.45E-04,7.19E-04,1.43E-03,3.08E-03,4.73E-03,0.00634,0.00786
1251.575,2.95E-04,6.18E-04,1.37E-03,3.17E-03,4.69E-03,0.00659,0.00803
1253.503,1.06E-04,5.96E-04,1.29E-03,3.11E-03,4.67E-03,6.57E-03,0.00803
1255.432,2.12E-04,6.10E-04,1.32E-03,3.04E-03,4.57E-03,6.29E-03,0.0078
1257.36,2.49E-04,5.81E-04,1.43E-03,2.83E-03,4.34E-03,5.94E-03,0.00733
1259.289,2.74E-04,6.16E-04,1.42E-03,2.60E-03,4.13E-03,5.64E-03,0.0069
1261.217,3.24E-04,7.20E-04,1.32E-03,2.57E-03,3.92E-03,5.36E-03,0.00653
1263.146,2.32E-04,6.55E-04,1.28E-03,2.41E-03,3.66E-03,5.12E-03,6.12E-03
1265.074,2.01E-04,6.00E-04,1.28E-03,2.31E-03,3.55E-03,0.00492,5.89E-03
1267.003,2.03E-04,6.14E-04,1.24E-03,2.36E-03,3.42E-03,4.62E-03,5.68E-03
1268.931,2.30E-04,5.11E-04,1.06E-03,2.36E-03,3.24E-03,4.30E-03,0.00546
1270.86,3.27E-04,4.85E-04,9.58E-04,2.24E-03,3.08E-03,4.13E-03,0.00525
1272.788,3.32E-04,5.85E-04,1.03E-03,2.10E-03,2.99E-03,0.004,0.00518
1274.717,3.54E-04,6.61E-04,1.08E-03,2.08E-03,0.00293,0.00403,0.00508
1276.645,3.19E-04,6.19E-04,9.15E-04,1.96E-03,0.0029,0.00411,0.00487
1278.573,2.60E-04,5.68E-04,8.58E-04,1.82E-03,0.00287,0.00405,0.0048
1280.502,2.17E-04,5.80E-04,9.50E-04,0.00192,0.00276,0.00388,0.00482
1282.43,1.98E-04,4.99E-04,9.07E-04,0.00206,0.00273,0.00388,0.00482
1284.359,3.21E-04,4.34E-04,7.77E-04,0.00205,0.0028,0.00386,0.00471
1286.287,2.70E-04,4.36E-04,7.70E-04,0.00192,0.00277,0.00372,0.0045
1288.216,1.22E-04,3.69E-04,8.19E-04,0.00177,0.00265,0.00351,0.00436
1290.144,1.37E-04,3.66E-04,7.63E-04,0.00165,0.00267,0.00344,0.00418
1292.073,2.93E-04,5.38E-04,7.18E-04,0.00164,0.00252,0.00336,0.00407
1294.001,3.32E-04,6.45E-04,6.70E-04,0.00169,0.00233,0.00328,0.00402
1295.93,3.27E-04,6.77E-04,6.68E-04,1.65E-03,0.0024,0.00336,0.00394
1297.858,4.74E-04,5.12E-04,6.86E-04,1.52E-03,0.0023,0.00333,0.00378
1299.787,4.56E-04,3.64E-04,5.86E-04,1.51E-03,2.18E-03,0.00309,0.00364
1301.715,3.44E-04,3.07E-04,6.80E-04,1.48E-03,2.10E-03,2.95E-03,0.00361
1303.644,2.78E-04,3.03E-04,8.47E-04,1.41E-03,2.11E-03,2.90E-03,3.69E-03
1305.572,2.33E-04,4.34E-04,7.78E-04,1.39E-03,2.06E-03,2.81E-03,3.59E-03
1307.5,2.51E-04,4.46E-04,6.98E-04,1.48E-03,1.97E-03,2.78E-03,3.41E-03
1309.429,2.41E-04,3.39E-04,6.37E-04,1.44E-03,1.87E-03,2.82E-03,3.41E-03
1311.357,1.87E-04,3.71E-04,6.85E-04,1.36E-03,1.85E-03,2.93E-03,3.46E-03
1313.286,4.01E-05,3.79E-04,7.50E-04,1.40E-03,2.01E-03,2.87E-03,3.42E-03
1315.214,1.59E-05,3.37E-04,6.94E-04,1.41E-03,2.11E-03,2.78E-03,3.51E-03
1317.143,3.76E-05,3.43E-04,6.05E-04,1.43E-03,2.04E-03,2.79E-03,3.54E-03
1319.071,1.11E-04,3.76E-04,7.08E-04,1.38E-03,2.02E-03,2.83E-03,0.00345
1321,2.73E-04,4.05E-04,8.33E-04,1.36E-03,2.05E-03,2.83E-03,0.00345
1322.928,3.15E-04,2.83E-04,8.66E-04,1.54E-03,2.02E-03,2.85E-03,0.00359
1324.857,2.21E-04,2.60E-04,7.63E-04,1.62E-03,1.98E-03,2.99E-03,0.00372
1326.785,1.88E-04,3.56E-04,7.32E-04,1.59E-03,1.98E-03,3.07E-03,0.00377
1328.714,2.00E-04,3.03E-04,7.31E-04,1.52E-03,2.11E-03,0.003,0.00383
1330.642,1.97E-04,4.41E-04,6.87E-04,1.51E-03,2.27E-03,0.003,0.00389
1332.571,2.54E-04,5.58E-04,7.12E-04,1.61E-03,2.40E-03,0.00325,0.00399
1334.499,2.82E-04,5.11E-04,7.69E-04,1.78E-03,0.00254,0.00348,0.00409
1336.427,2.98E-04,5.18E-04,9.01E-04,0.0019,0.00264,0.00372,0.00435
1338.356,1.95E-04,5.48E-04,1.11E-03,0.002,0.00273,0.00396,0.00469
1340.284,2.29E-04,5.28E-04,1.13E-03,0.00197,0.00288,0.00409,0.005
1342.213,3.13E-04,4.57E-04,1.07E-03,0.00198,0.00314,0.00423,0.00524
1344.141,3.77E-04,3.86E-04,1.15E-03,0.0022,0.00324,0.00434,0.00544
1346.07,4.14E-04,3.49E-04,1.22E-03,2.33E-03,0.00325,0.00463,0.00575
1347.998,3.76E-04,4.40E-04,1.18E-03,2.45E-03,0.00345,0.00494,0.00606
1349.927,3.21E-04,4.95E-04,1.26E-03,2.57E-03,0.00382,0.00513,0.00643
1351.855,3.81E-04,5.77E-04,1.40E-03,2.68E-03,0.00418,0.00547,0.00698
1353.784,4.36E-04,7.40E-04,1.41E-03,2.95E-03,0.00449,0.00585,0.00752
1355.712,4.45E-04,7.99E-04,1.59E-03,0.00322,0.0049,0.00632,0.00803
1357.641,4.01E-04,8.12E-04,1.83E-03,0.00349,0.00515,0.00681,0.0085
1359.569,5.52E-04,8.52E-04,1.95E-03,0.00362,0.00522,0.00723,0.00882
1361.498,7.01E-04,9.21E-04,2.00E-03,3.80E-03,0.00531,0.00753,0.00925
1363.426,5.95E-04,8.91E-04,2.05E-03,4.00E-03,0.0056,0.00774,0.00971
1365.354,4.89E-04,8.84E-04,2.17E-03,0.00415,0.00602,0.00798,0.00997
1367.283,4.73E-04,1.04E-03,2.34E-03,0.00417,0.00627,0.00828,0.01026
1369.211,5.34E-04,1.20E-03,2.43E-03,0.00424,0.00642,0.00852,0.01057
1371.14,4.81E-04,1.21E-03,2.37E-03,0.00443,0.00657,0.0087,0.011
1373.068,4.71E-04,1.20E-03,2.33E-03,0.00457,0.00681,0.00888,0.01124
1374.997,5.59E-04,1.15E-03,2.20E-03,0.00456,0.00687,0.00894,0.0111
1376.925,7.46E-04,1.03E-03,2.16E-03,0.00442,0.00654,0.00867,0.01071
1378.854,6.47E-04,9.26E-04,2.14E-03,4.08E-03,0.00605,0.00811,0.01005
1380.782,4.61E-04,7.70E-04,1.94E-03,3.72E-03,0.00555,0.00744,0.00912
1382.711,3.98E-04,6.73E-04,1.77E-03,3.45E-03,0.00502,0.00674,0.00832
1384.639,4.22E-04,5.88E-04,1.67E-03,3.19E-03,0.00461,0.00622,0.00772
1386.568,4.13E-04,6.34E-04,1.52E-03,3.04E-03,0.00434,0.00587,0.00735
1388.496,4.63E-04,7.07E-04,1.41E-03,3.00E-03,0.00422,0.00576,0.0072
1390.424,4.92E-04,7.00E-04,1.45E-03,3.02E-03,0.00428,0.00598,0.00738
1392.353,3.97E-04,7.10E-04,1.47E-03,0.0031,0.00448,0.00637,0.00779
1394.281,4.01E-04,8.05E-04,1.54E-03,0.00326,0.00488,0.00689,0.00833
1396.21,4.83E-04,8.98E-04,1.74E-03,0.00354,0.00549,0.00755,0.00905
1398.138,5.52E-04,1.10E-03,0.00195,0.00388,0.00599,0.00825,0.00998
1400.067,6.11E-04,1.23E-03,0.00221,0.00429,0.00644,0.00887,0.01086
1401.995,6.79E-04,1.18E-03,0.00243,0.00464,0.0069,0.00929,0.01143
1403.924,6.88E-04,1.14E-03,0.00243,0.00474,0.00697,0.00925,0.0115
1405.852,6.90E-04,1.11E-03,2.37E-03,0.00454,0.0067,0.00875,0.01104
1407.781,6.79E-04,9.96E-04,2.17E-03,0.00418,0.00629,0.00823,0.01027
1409.709,5.56E-04,9.53E-04,1.98E-03,0.0039,0.00583,0.0077,0.00965
1411.638,4.56E-04,8.58E-04,1.94E-03,0.00368,0.00541,0.00727,0.00913
1413.566,3.76E-04,7.37E-04,1.97E-03,3.52E-03,0.00524,0.00695,0.00867
1415.495,3.59E-04,7.58E-04,1.86E-03,3.30E-03,0.00507,0.00664,0.00819
1417.423,4.52E-04,8.32E-04,1.63E-03,3.04E-03,0.00478,0.00636,0.00768
1419.351,4.75E-04,7.97E-04,1.54E-03,2.93E-03,0.00452,0.00596,0.00735
1421.28,4.47E-04,7.62E-04,1.49E-03,2.84E-03,0.00427,0.00553,0.00712
1423.208,3.68E-04,7.30E-04,1.44E-03,2.76E-03,0.00401,0.00521,0.00668
1425.137,2.49E-04,6.10E-04,1.33E-03,2.60E-03,0.0038,0.00493,0.00619
1427.065,2.74E-04,5.50E-04,1.19E-03,2.30E-03,0.00356,0.00454,0.00575
1428.994,2.47E-04,4.44E-04,1.12E-03,2.09E-03,0.00324,0.0041,0.00534
1430.922,1.21E-04,3.46E-04,1.08E-03,2.02E-03,0.00297,0.0038,0.00488
1432.851,1.83E-04,4.22E-04,1.01E-03,1.95E-03,0.00283,0.00364,0.00455
1434.779,2.55E-04,4.69E-04,9.71E-04,1.93E-03,0.00255,0.00346,0.00428
1436.708,1.71E-04,4.32E-04,9.23E-04,1.77E-03,0.00222,0.00328,0.00399
1438.636,-1.11E-06,3.29E-04,9.28E-04,1.49E-03,2.24E-03,0.00298,0.0036
1440.565,6.87E-05,3.09E-04,8.74E-04,1.19E-03,2.19E-03,0.00264,0.00321
1442.493,2.31E-04,2.68E-04,7.13E-04,1.01E-03,1.95E-03,0.00241,0.00292
1444.422,1.90E-04,2.16E-04,5.84E-04,9.24E-04,1.70E-03,0.00225,0.00264
1446.35,1.18E-04,3.13E-04,4.96E-04,7.96E-04,1.41E-03,0.00204,0.00231
1448.278,1.39E-04,3.87E-04,4.66E-04,7.41E-04,0.00127,0.00182,0.002
1450.207,1.68E-04,3.28E-04,5.01E-04,7.91E-04,1.19E-03,0.00158,0.00172
1452.135,1.55E-04,2.36E-04,4.81E-04,7.15E-04,1.00E-03,0.00131,0.00156
1454.064,1.35E-04,1.62E-04,3.46E-04,5.56E-04,8.82E-04,0.00109,0.0013
1455.992,3.51E-05,1.50E-05,2.58E-04,5.13E-04,7.43E-04,9.29E-04,0.00111
1457.921,3.62E-05,1.92E-05,2.83E-04,4.10E-04,7.01E-04,8.36E-04,0.00103
1459.849,1.14E-04,5.04E-05,1.50E-04,2.77E-04,6.65E-04,6.75E-04,8.61E-04
1461.778,1.30E-04,5.14E-06,1.92E-04,2.77E-04,5.20E-04,4.76E-04,7.47E-04
1463.706,1.60E-04,-5.70E-05,3.40E-04,1.91E-04,4.54E-04,3.89E-04,6.10E-04
1465.635,9.55E-05,-1.25E-04,2.34E-04,1.46E-04,2.75E-04,3.77E-04,3.97E-04
1467.563,4.10E-06,-6.94E-05,1.19E-04,1.17E-04,1.40E-04,2.74E-04,4.21E-04
1469.492,4.47E-05,-2.31E-05,3.61E-05,5.74E-05,1.24E-04,1.76E-04,3.88E-04
1471.42,6.83E-05,-6.29E-06,6.44E-05,5.40E-05,1.70E-04,1.74E-04,2.16E-04
1473.349,1.37E-04,-4.07E-06,9.95E-05,1.07E-04,1.69E-04,2.20E-04,1.01E-04
1475.277,1.41E-04,1.05E-04,3.98E-05,1.18E-04,1.85E-04,1.81E-04,8.95E-05
1477.205,1.13E-04,1.62E-04,1.09E-04,1.19E-04,1.88E-04,3.50E-05,6.53E-05
1479.134,1.23E-04,1.09E-04,2.00E-04,1.24E-04,2.04E-04,-2.40E-05,5.43E-05
1481.062,4.31E-05,8.86E-05,1.39E-04,2.70E-05,1.70E-04,1.31E-05,-3.61E-05
1482.991,1.07E-04,1.42E-04,1.17E-04,-3.34E-05,2.02E-04,-1.67E-05,-1.03E-04
1484.919,1.43E-04,2.34E-04,1.49E-04,-4.40E-05,2.33E-04,-3.62E-05,-3.06E-05
1486.848,8.74E-05,1.68E-04,4.76E-05,-1.04E-04,1.30E-04,-3.67E-05,-3.70E-05
1488.776,8.87E-05,4.15E-05,-9.37E-05,-1.47E-04,1.03E-04,-3.62E-05,-5.49E-05
1490.705,1.14E-04,1.38E-04,-5.87E-05,-7.15E-05,3.14E-05,-1.27E-04,-6.73E-05
1492.633,1.29E-04,1.64E-04,9.89E-05,-6.20E-06,-7.33E-05,-1.62E-04,-3.69E-05
1494.562,1.90E-04,7.92E-05,1.57E-04,-5.85E-05,-2.28E-05,-5.15E-05,6.11E-06
1496.49,1.84E-04,7.33E-05,1.47E-04,8.21E-05,7.19E-05,5.20E-05,4.00E-05
1498.419,6.00E-05,8.25E-05,1.89E-04,1.65E-04,3.07E-05,9.59E-05,1.51E-04
1500.347,3.22E-06,6.67E-05,1.16E-04,1.24E-04,-1.12E-06,1.09E-04,1.29E-04
1502.276,5.82E-05,1.27E-04,4.18E-05,1.24E-04,2.72E-05,6.03E-05,1.11E-04
1504.204,-5.47E-05,2.14E-04,3.82E-05,7.33E-05,1.51E-04,-5.32E-05,3.89E-05
1506.132,-1.81E-04,7.43E-05,4.92E-05,-6.45E-05,2.24E-04,-5.36E-05,-4.04E-05
1508.061,-8.12E-05,1.70E-05,8.86E-05,-8.88E-05,1.16E-04,7.39E-05,5.82E-05
1509.989,2.25E-05,1.28E-04,1.23E-04,-8.09E-05,-1.54E-05,1.81E-04,5.68E-05
1511.918,4.75E-05,1.33E-04,9.76E-05,-2.79E-05,-2.58E-05,7.88E-05,7.85E-05
1513.846,4.18E-05,5.15E-05,-4.16E-05,2.42E-05,-5.74E-05,4.73E-06,1.12E-04
1515.775,8.58E-05,1.18E-04,-1.36E-04,2.30E-05,4.77E-05,-7.12E-05,5.84E-05
1517.703,8.41E-05,1.16E-04,-2.48E-05,1.07E-05,9.08E-05,-8.72E-05,3.10E-05
1519.632,7.21E-05,6.25E-05,-2.52E-05,-7.49E-05,5.84E-05,-5.36E-05,-3.41E-05
1521.56,9.37E-05,9.64E-06,-1.27E-04,-5.82E-05,1.99E-05,-1.21E-04,-4.64E-05
1523.489,1.71E-05,7.14E-05,-9.00E-05,3.38E-05,1.31E-04,-7.73E-05,6.26E-05
1525.417,1.64E-04,1.51E-04,5.34E-05,7.27E-05,3.01E-04,7.48E-05,3.80E-05
1527.346,2.74E-04,1.93E-04,1.70E-04,8.90E-05,1.90E-04,1.68E-04,-4.42E-05
1529.274,2.00E-04,2.31E-04,1.41E-04,1.16E-04,9.70E-05,2.36E-04,-3.95E-05
1531.203,1.11E-04,1.64E-04,2.35E-05,9.23E-05,1.06E-04,1.79E-04,-1.64E-05
1533.131,2.56E-05,6.37E-05,2.49E-05,2.80E-05,8.24E-05,8.08E-05,8.08E-05
1535.059,-5.17E-05,4.70E-05,5.82E-05,1.32E-05,7.38E-05,-3.33E-05,1.89E-04
1536.988,-9.12E-06,8.14E-05,1.54E-05,4.45E-05,7.05E-05,-2.08E-04,1.84E-04
1538.916,1.65E-05,5.13E-05,-1.26E-04,-1.28E-05,6.76E-05,-1.39E-04,9.83E-05
1540.845,-9.39E-05,4.06E-05,-8.69E-05,-1.31E-05,1.59E-04,-7.27E-05,4.20E-05
1542.773,-1.23E-04,7.79E-05,1.55E-05,4.19E-05,2.61E-04,-7.70E-05,1.36E-04
1544.702,-6.04E-05,7.76E-05,-5.84E-06,1.31E-04,1.83E-04,-4.16E-05,1.86E-04
1546.63,8.85E-05,1.18E-04,1.34E-04,7.12E-05,-9.33E-05,1.24E-05,5.78E-05
1548.559,1.26E-04,2.61E-04,2.07E-04,-1.44E-06,-1.35E-04,7.37E-06,1.90E-05
1550.487,-4.84E-06,2.81E-04,6.77E-05,1.05E-04,3.63E-05,9.23E-05,8.08E-05
1552.416,-4.64E-06,1.13E-04,2.93E-05,9.73E-05,4.24E-05,1.51E-04,1.23E-04
1554.344,3.92E-05,8.24E-05,9.01E-05,1.92E-05,2.18E-05,1.62E-04,5.81E-05
1556.273,-2.37E-05,1.23E-04,7.07E-05,-1.37E-05,-5.03E-05,2.10E-04,3.46E-05
1558.201,-5.41E-05,6.69E-05,-7.71E-05,-1.44E-04,-2.07E-04,2.48E-04,5.88E-07
1560.13,-4.45E-05,7.76E-05,3.76E-05,-2.27E-04,-1.75E-04,3.45E-04,-4.82E-05
1562.058,-4.14E-06,1.44E-04,1.38E-04,-1.33E-04,3.30E-07,3.32E-04,-4.09E-05
1563.986,8.18E-05,1.29E-04,5.32E-05,-4.33E-05,1.20E-04,1.86E-04,-3.61E-06
1565.915,8.93E-05,6.96E-05,3.96E-05,3.03E-05,1.21E-04,1.03E-04,2.30E-05
1567.843,1.18E-04,1.26E-04,-2.11E-05,2.33E-05,7.03E-05,6.03E-05,4.59E-05
1569.772,5.81E-06,1.34E-04,1.57E-05,6.39E-05,-4.45E-07,-8.02E-05,4.95E-05
1571.7,-3.31E-05,1.31E-05,-7.52E-06,9.28E-05,-2.82E-05,-4.78E-05,-5.18E-05
1573.629,5.56E-05,1.09E-06,-9.05E-05,-1.81E-05,-3.42E-05,4.27E-05,-5.08E-05
1575.557,4.74E-05,5.48E-05,-3.07E-05,4.62E-05,-7.75E-05,6.83E-05,-1.52E-05
1577.486,-1.30E-04,9.44E-05,5.98E-05,9.15E-05,-1.10E-04,7.34E-05,-1.73E-04
1579.414,-1.27E-04,-2.02E-06,1.02E-04,5.26E-05,-8.48E-05,6.24E-05,-2.33E-04
1581.343,-1.00E-04,9.64E-05,4.05E-05,8.26E-05,-1.04E-04,2.70E-05,-1.49E-04
1583.271,-1.21E-04,1.89E-04,6.39E-05,5.21E-05,-7.93E-05,1.48E-05,-1.26E-04
1585.2,-5.10E-05,1.58E-04,-6.21E-05,-9.55E-05,1.24E-05,6.31E-05,-1.41E-04
1587.128,2.73E-05,1.26E-04,-1.09E-04,-1.18E-04,-4.25E-06,-2.97E-05,-6.87E-05
1589.057,-4.51E-05,7.58E-05,-2.98E-05,-3.93E-05,-7.97E-05,2.20E-05,-1.29E-04
1590.985,-1.22E-04,5.67E-05,-3.87E-05,9.75E-05,-1.29E-04,1.76E-05,-1.85E-04
1592.913,-5.12E-05,1.12E-04,-1.21E-04,1.65E-04,-1.97E-05,-5.14E-05,-1.45E-04
1594.842,-4.11E-06,5.40E-05,-1.84E-04,1.91E-04,3.92E-05,-3.90E-05,-1.66E-04
1596.77,-8.58E-05,2.21E-05,-1.37E-04,9.41E-05,-6.84E-05,4.25E-05,-2.60E-05
1598.699,-1.46E-04,-1.97E-05,9.01E-05,3.02E-05,-2.01E-05,6.00E-05,1.27E-04
1600.627,-7.68E-05,-4.93E-05,1.10E-04,9.60E-05,1.41E-04,5.72E-05,2.03E-04
1602.556,-2.83E-05,-1.69E-05,-4.30E-06,4.57E-05,1.88E-04,7.72E-05,3.10E-04
1604.484,9.81E-05,6.29E-05,-2.33E-05,5.84E-05,1.99E-04,2.05E-04,3.71E-04
1606.413,1.23E-04,1.10E-04,3.76E-06,2.29E-04,3.64E-04,3.03E-04,4.72E-04
1608.341,9.17E-05,2.08E-04,8.83E-05,3.87E-04,4.96E-04,4.02E-04,5.50E-04
1610.27,2.18E-04,1.99E-04,5.42E-05,4.14E-04,6.86E-04,5.61E-04,6.29E-04
1612.198,2.41E-04,1.53E-04,9.92E-05,4.58E-04,8.70E-04,7.49E-04,7.17E-04
1614.127,9.39E-05,9.77E-05,1.52E-04,5.99E-04,9.17E-04,8.63E-04,1.02E-03
1616.055,9.60E-06,5.43E-05,1.35E-04,7.04E-04,8.51E-04,1.00E-03,1.21E-03
1617.984,2.54E-05,1.78E-04,3.26E-04,5.81E-04,9.23E-04,1.19E-03,1.38E-03
1619.912,3.89E-05,3.29E-04,4.71E-04,6.23E-04,1.05E-03,1.34E-03,1.59E-03
1621.84,-4.87E-06,2.90E-04,3.83E-04,8.98E-04,1.13E-03,1.40E-03,1.78E-03
1623.769,1.07E-06,2.94E-04,3.25E-04,1.08E-03,1.27E-03,1.48E-03,2.04E-03
1625.697,-4.54E-05,3.48E-04,4.72E-04,1.05E-03,1.37E-03,1.54E-03,2.27E-03
1627.626,-3.04E-05,2.54E-04,6.27E-04,9.06E-04,1.48E-03,1.53E-03,2.32E-03
1629.554,9.86E-06,2.59E-04,5.76E-04,1.15E-03,1.54E-03,1.68E-03,2.40E-03
1631.483,9.93E-05,3.84E-04,5.66E-04,1.45E-03,1.74E-03,2.00E-03,2.69E-03
1633.411,1.68E-04,3.11E-04,5.91E-04,1.34E-03,1.84E-03,2.08E-03,3.03E-03
1635.34,1.13E-04,1.91E-04,5.46E-04,1.16E-03,1.90E-03,2.24E-03,3.12E-03
1637.268,4.01E-05,2.49E-04,4.65E-04,1.28E-03,2.00E-03,2.55E-03,3.16E-03
1639.197,3.89E-05,3.30E-04,5.83E-04,1.45E-03,2.14E-03,2.75E-03,3.34E-03
1641.125,2.27E-05,2.54E-04,8.03E-04,1.48E-03,2.38E-03,2.76E-03,3.57E-03
1643.054,4.35E-05,1.75E-04,8.49E-04,1.52E-03,2.42E-03,2.68E-03,3.71E-03
1644.982,9.16E-05,2.39E-04,8.02E-04,1.59E-03,2.49E-03,2.88E-03,3.79E-03
1646.911,1.12E-04,2.42E-04,7.95E-04,1.68E-03,2.73E-03,3.06E-03,3.91E-03
1648.839,2.07E-04,2.11E-04,8.96E-04,1.62E-03,2.79E-03,3.17E-03,4.16E-03
1650.767,3.27E-04,2.03E-04,9.48E-04,1.52E-03,2.78E-03,3.38E-03,4.39E-03
1652.696,1.87E-04,1.24E-04,8.53E-04,1.62E-03,2.69E-03,3.50E-03,4.42E-03
1654.624,7.90E-05,3.36E-04,8.85E-04,1.71E-03,2.83E-03,3.62E-03,4.63E-03
1656.553,1.93E-04,4.84E-04,9.70E-04,1.80E-03,3.05E-03,3.84E-03,4.91E-03
1658.481,2.66E-04,5.13E-04,9.90E-04,1.98E-03,3.30E-03,3.98E-03,4.99E-03
1660.41,1.60E-04,4.89E-04,1.07E-03,1.98E-03,3.51E-03,4.05E-03,5.08E-03
1662.338,7.79E-05,2.94E-04,1.03E-03,2.04E-03,3.57E-03,4.26E-03,5.39E-03
1664.267,2.31E-04,2.28E-04,1.14E-03,2.13E-03,3.62E-03,4.45E-03,5.60E-03
1666.195,3.77E-04,4.29E-04,1.25E-03,2.16E-03,3.89E-03,4.61E-03,5.79E-03
1668.124,3.72E-04,5.84E-04,1.24E-03,2.30E-03,4.04E-03,4.88E-03,6.09E-03
1670.052,2.56E-04,4.83E-04,1.42E-03,2.47E-03,4.20E-03,5.27E-03,6.38E-03
1671.981,3.27E-04,3.83E-04,1.43E-03,2.50E-03,4.39E-03,5.66E-03,6.86E-03
1673.909,4.12E-04,4.11E-04,1.40E-03,2.64E-03,4.47E-03,5.91E-03,7.49E-03
1675.838,3.85E-04,5.15E-04,1.54E-03,2.89E-03,4.77E-03,6.21E-03,8.01E-03
1677.766,4.52E-04,6.17E-04,1.69E-03,3.13E-03,5.30E-03,6.71E-03,8.62E-03
1679.694,6.02E-04,6.73E-04,1.88E-03,3.48E-03,5.71E-03,7.20E-03,9.36E-03
1681.623,6.38E-04,7.71E-04,2.10E-03,3.85E-03,6.10E-03,7.77E-03,1.01E-02
1683.551,6.91E-04,7.66E-04,2.12E-03,4.02E-03,6.72E-03,8.39E-03,1.10E-02
1685.48,8.10E-04,8.88E-04,2.28E-03,4.32E-03,7.37E-03,9.25E-03,1.21E-02
1687.408,7.32E-04,1.09E-03,2.59E-03,4.95E-03,8.02E-03,1.03E-02,1.30E-02
1689.337,6.10E-04,1.33E-03,2.84E-03,5.54E-03,8.78E-03,1.14E-02,1.42E-02
1691.265,6.94E-04,1.49E-03,3.10E-03,6.07E-03,9.49E-03,1.24E-02,1.56E-02
1693.194,7.20E-04,1.64E-03,3.49E-03,6.65E-03,1.03E-02,1.35E-02,1.71E-02
1695.122,8.68E-04,1.68E-03,3.68E-03,7.17E-03,1.12E-02,1.48E-02,1.87E-02
1697.051,1.06E-03,1.70E-03,3.98E-03,7.84E-03,1.22E-02,1.60E-02,2.03E-02
1698.979,1.12E-03,1.84E-03,4.52E-03,8.45E-03,1.31E-02,1.71E-02,2.17E-02
1700.908,1.18E-03,2.10E-03,4.88E-03,8.90E-03,1.38E-02,1.80E-02,2.28E-02
1702.836,1.17E-03,2.18E-03,4.99E-03,9.22E-03,1.42E-02,1.85E-02,2.34E-02
1704.765,1.24E-03,2.06E-03,4.92E-03,9.20E-03,1.43E-02,1.86E-02,2.34E-02
1706.693,1.20E-03,2.03E-03,4.70E-03,9.00E-03,1.40E-02,1.82E-02,2.29E-02
1708.621,1.12E-03,2.01E-03,4.51E-03,8.78E-03,1.33E-02,1.73E-02,2.18E-02
1710.55,1.03E-03,1.97E-03,4.34E-03,8.18E-03,1.27E-02,1.63E-02,2.05E-02
1712.478,9.24E-04,1.85E-03,3.99E-03,7.48E-03,1.18E-02,1.53E-02,1.92E-02
1714.407,8.64E-04,1.59E-03,3.73E-03,6.79E-03,1.09E-02,1.43E-02,1.79E-02
1716.335,6.83E-04,1.42E-03,3.44E-03,6.24E-03,1.01E-02,1.32E-02,1.67E-02
1718.264,6.03E-04,1.32E-03,3.23E-03,5.92E-03,9.38E-03,1.23E-02,1.55E-02
1720.192,6.79E-04,1.19E-03,3.08E-03,5.55E-03,8.88E-03,1.15E-02,1.42E-02
1722.121,7.23E-04,1.05E-03,2.88E-03,5.05E-03,8.35E-03,1.06E-02,1.32E-02
1724.049,6.03E-04,9.83E-04,2.56E-03,4.61E-03,7.59E-03,9.64E-03,1.22E-02
1725.978,5.86E-04,9.90E-04,2.42E-03,4.27E-03,6.91E-03,8.84E-03,1.12E-02
1727.906,5.74E-04,9.17E-04,2.27E-03,3.94E-03,6.32E-03,8.15E-03,1.03E-02
1729.835,4.80E-04,7.55E-04,2.01E-03,3.57E-03,5.80E-03,7.42E-03,9.44E-03
1731.763,3.11E-04,6.41E-04,1.73E-03,3.07E-03,5.36E-03,6.72E-03,8.40E-03
1733.692,2.97E-04,5.18E-04,1.55E-03,2.77E-03,4.76E-03,6.09E-03,7.43E-03
1735.62,4.12E-04,4.55E-04,1.42E-03,2.51E-03,4.17E-03,5.39E-03,6.74E-03
1737.548,3.78E-04,3.94E-04,1.24E-03,2.13E-03,3.82E-03,4.62E-03,6.07E-03
1739.477,2.32E-04,2.30E-04,1.11E-03,1.82E-03,3.39E-03,4.00E-03,5.25E-03
1741.405,8.04E-05,2.40E-04,1.15E-03,1.53E-03,2.71E-03,3.60E-03,4.51E-03
1743.334,-8.48E-05,2.56E-04,1.01E-03,1.21E-03,2.06E-03,3.15E-03,3.91E-03
1745.262,-9.55E-06,2.01E-04,7.36E-04,1.07E-03,1.92E-03,2.69E-03,3.23E-03
1747.191,1.05E-04,1.76E-04,5.36E-04,8.94E-04,1.83E-03,2.23E-03,2.59E-03
1749.119,1.79E-04,6.26E-05,4.28E-04,5.77E-04,1.61E-03,1.87E-03,2.14E-03
1751.048,1.85E-04,-1.07E-04,3.52E-04,4.16E-04,1.38E-03,1.55E-03,1.88E-03
1752.976,1.52E-04,-1.04E-04,2.69E-04,4.03E-04,1.30E-03,1.33E-03,1.56E-03
1754.905,1.83E-04,-9.72E-06,1.70E-04,3.27E-04,1.21E-03,1.15E-03,1.21E-03
1756.833,1.69E-04,-2.77E-05,9.57E-05,2.98E-04,9.97E-04,9.05E-04,1.01E-03
1758.762,9.39E-05,-1.13E-04,8.98E-05,3.07E-04,8.31E-04,6.79E-04,8.48E-04
1760.69,1.34E-04,-8.86E-05,1.98E-04,4.68E-05,7.63E-04,6.26E-04,6.93E-04
1762.619,9.67E-05,2.98E-05,2.45E-04,-1.09E-04,6.82E-04,5.73E-04,5.12E-04
1764.547,6.08E-05,7.92E-05,1.97E-04,-1.42E-04,6.12E-04,4.74E-04,4.38E-04
1766.475,1.33E-04,8.19E-05,3.63E-05,-1.23E-05,4.88E-04,3.90E-04,3.87E-04
1768.404,1.87E-04,-5.83E-05,-1.41E-04,4.63E-05,2.89E-04,2.79E-04,2.50E-04
1770.332,2.92E-04,-1.08E-04,-1.72E-04,2.98E-05,1.80E-04,1.66E-04,2.79E-05
1772.261,2.06E-04,-1.05E-05,-1.27E-04,6.70E-05,1.70E-04,8.94E-05,-1.06E-04
1774.189,8.86E-05,-5.07E-05,1.26E-05,7.91E-05,1.20E-04,1.76E-04,-6.66E-05
1776.118,1.08E-04,-3.66E-05,1.52E-04,1.11E-05,-4.32E-05,1.97E-04,-1.07E-05
1778.046,1.24E-04,4.58E-05,1.11E-04,2.79E-08,-3.61E-05,8.59E-05,3.43E-05
1779.975,1.95E-04,3.40E-05,3.51E-05,6.15E-05,-4.65E-06,-1.55E-04,4.04E-05
1781.903,2.34E-04,-6.17E-05,2.93E-05,1.40E-04,-1.04E-04,-1.99E-04,1.24E-04
1783.832,1.67E-04,-9.07E-05,2.05E-05,1.77E-04,-7.87E-05,-1.50E-05,6.88E-05
1785.76,2.26E-04,-8.73E-05,3.77E-05,1.80E-04,-6.77E-05,4.25E-05,1.36E-04
1787.689,2.52E-04,-4.38E-05,8.29E-06,1.22E-04,-1.97E-05,6.34E-06,2.44E-04
1789.617,1.67E-04,8.61E-05,9.11E-05,7.36E-05,1.09E-05,-2.70E-05,1.09E-04
1791.546,2.08E-04,6.01E-05,1.63E-04,-7.60E-05,1.44E-05,-1.21E-04,-5.95E-05
1793.474,1.59E-04,-6.37E-05,9.63E-05,1.67E-05,4.16E-05,-2.13E-04,-1.07E-04
1795.402,9.00E-05,-2.39E-05,-4.38E-06,1.65E-04,9.73E-05,-1.14E-04,-1.74E-04
1797.331,-7.37E-05,1.23E-04,-8.15E-05,2.04E-04,7.35E-05,5.48E-05,-1.22E-04
1799.259,-6.22E-05,1.11E-04,-4.97E-05,1.64E-04,-1.10E-04,-1.19E-05,-9.75E-05
1801.188,1.38E-04,1.18E-04,2.37E-05,4.15E-05,-1.55E-04,7.44E-06,-8.52E-05
1803.116,1.63E-04,1.11E-04,-6.69E-05,1.45E-05,9.74E-06,9.71E-05,-2.92E-05
1805.045,1.30E-04,8.95E-06,1.79E-05,4.02E-06,7.74E-05,4.36E-05,7.80E-05
1806.973,1.10E-04,3.45E-06,2.13E-04,-6.30E-05,2.04E-05,-3.90E-05,2.59E-05
1808.902,-1.53E-05,9.55E-05,2.10E-04,2.63E-05,-4.19E-05,1.35E-05,-2.43E-04
1810.83,7.11E-05,8.19E-05,1.98E-04,1.54E-04,2.03E-05,-2.41E-05,-2.76E-04
1812.759,1.09E-04,9.92E-05,3.97E-05,1.44E-04,6.98E-05,-9.95E-05,-2.16E-04
1814.687,3.54E-05,1.34E-04,3.32E-05,-2.77E-05,8.08E-05,-2.85E-05,-2.95E-05
1816.616,-1.18E-05,3.58E-04,2.40E-04,-3.43E-05,6.80E-05,6.73E-05,1.12E-04
1818.544,1.02E-04,5.28E-04,2.92E-04,1.53E-04,1.35E-05,1.14E-04,7.47E-05
1820.473,1.43E-04,3.53E-04,1.71E-04,3.73E-04,-4.34E-05,1.58E-04,-1.59E-06
1822.401,1.84E-04,3.95E-05,1.38E-04,1.70E-04,9.79E-05,1.51E-04,-6.62E-05
1824.329,1.53E-04,-3.00E-05,1.64E-04,2.91E-05,1.10E-04,7.01E-05,-2.34E-04
1826.258,2.31E-04,1.38E-04,1.91E-04,1.38E-04,2.54E-05,-2.14E-05,-1.40E-04
1828.186,3.64E-04,1.53E-04,1.29E-04,2.21E-04,-9.82E-05,-1.08E-04,-4.69E-05
1830.115,1.88E-04,2.46E-05,1.56E-04,1.41E-04,3.57E-05,-1.21E-05,2.69E-05
1832.043,2.76E-05,2.45E-05,1.69E-04,-3.89E-05,1.05E-04,-2.63E-05,-1.75E-04
1833.972,-3.15E-05,-1.69E-05,1.45E-04,8.04E-05,-2.92E-05,3.27E-05,-2.85E-04
1835.9,-3.16E-05,4.94E-05,9.12E-05,1.34E-04,7.09E-06,2.15E-04,-2.56E-04
1837.829,1.10E-04,2.41E-04,-6.93E-05,-8.49E-05,5.66E-05,1.90E-04,-1.38E-04
1839.757,1.39E-04,1.48E-04,-3.17E-05,1.29E-05,4.10E-06,-2.54E-06,-1.43E-04
1841.686,3.00E-04,5.85E-05,-5.82E-05,1.48E-04,4.38E-05,8.72E-05,-2.01E-04
